{
  "rollout_count": 355,
  "reflection_call_count": 3,
  "wall_clock_seconds": 5060.27,
  "total_tokens": 894586,
  "task_input_tokens": 805391,
  "task_output_tokens": 84362,
  "reflection_input_tokens": 2091,
  "reflection_output_tokens": 2742,
  "test_score": 0.5211528822055137,
  "val_score": 0.5078351043521322,
  "prompt_length_chars": 2702,
  "prompt_length_tokens": 675,
  "test_example_scores": [
    0.0,
    0.5,
    0.95,
    0.975,
    0.33333333333333337,
    0.9,
    0.95,
    0.5,
    0.5,
    0.5,
    0.5,
    0.5,
    0.95,
    0.5,
    0.0,
    0.95,
    0.5,
    0.75,
    0.825,
    0.5,
    0.8,
    0.33333333333333337,
    0.5,
    1.0,
    0.0,
    0.5,
    0.95,
    0.5,
    0.0,
    0.5,
    0.0,
    0.5,
    0.0,
    0.0,
    0.5,
    0.375,
    0.2142857142857143,
    0.5,
    0.5,
    0.5,
    0.5,
    0.0,
    0.5,
    0.5,
    0.5285714285714286,
    0.5,
    0.95,
    0.5,
    0.5,
    0.8,
    0.0,
    0.0,
    0.5,
    0.5,
    0.45,
    0.5,
    0.975,
    0.5,
    0.5,
    0.5,
    0.5,
    0.5,
    0.5,
    0.5,
    0.5,
    0.5,
    0.5,
    0.0,
    0.5,
    0.5,
    0.5,
    0.925,
    0.5,
    0.5,
    0.75,
    0.0,
    0.5,
    0.5,
    0.5,
    1.0,
    0.95,
    0.5,
    0.5,
    0.9,
    0.95,
    0.5,
    0.25,
    0.5,
    1.0,
    0.875,
    0.5,
    0.0,
    0.5,
    0.5,
    0.95
  ],
  "test_example_ids": [
    "pupa_test_0",
    "pupa_test_1",
    "pupa_test_2",
    "pupa_test_3",
    "pupa_test_4",
    "pupa_test_5",
    "pupa_test_6",
    "pupa_test_7",
    "pupa_test_8",
    "pupa_test_9",
    "pupa_test_10",
    "pupa_test_11",
    "pupa_test_12",
    "pupa_test_13",
    "pupa_test_14",
    "pupa_test_15",
    "pupa_test_16",
    "pupa_test_17",
    "pupa_test_18",
    "pupa_test_19",
    "pupa_test_20",
    "pupa_test_21",
    "pupa_test_22",
    "pupa_test_23",
    "pupa_test_24",
    "pupa_test_25",
    "pupa_test_26",
    "pupa_test_27",
    "pupa_test_28",
    "pupa_test_29",
    "pupa_test_30",
    "pupa_test_31",
    "pupa_test_32",
    "pupa_test_33",
    "pupa_test_34",
    "pupa_test_35",
    "pupa_test_36",
    "pupa_test_37",
    "pupa_test_38",
    "pupa_test_39",
    "pupa_test_40",
    "pupa_test_41",
    "pupa_test_42",
    "pupa_test_43",
    "pupa_test_44",
    "pupa_test_45",
    "pupa_test_46",
    "pupa_test_47",
    "pupa_test_48",
    "pupa_test_49",
    "pupa_test_50",
    "pupa_test_51",
    "pupa_test_52",
    "pupa_test_53",
    "pupa_test_54",
    "pupa_test_55",
    "pupa_test_56",
    "pupa_test_57",
    "pupa_test_58",
    "pupa_test_59",
    "pupa_test_60",
    "pupa_test_61",
    "pupa_test_62",
    "pupa_test_63",
    "pupa_test_64",
    "pupa_test_65",
    "pupa_test_66",
    "pupa_test_67",
    "pupa_test_68",
    "pupa_test_69",
    "pupa_test_70",
    "pupa_test_71",
    "pupa_test_72",
    "pupa_test_73",
    "pupa_test_74",
    "pupa_test_75",
    "pupa_test_76",
    "pupa_test_77",
    "pupa_test_78",
    "pupa_test_79",
    "pupa_test_80",
    "pupa_test_81",
    "pupa_test_82",
    "pupa_test_83",
    "pupa_test_84",
    "pupa_test_85",
    "pupa_test_86",
    "pupa_test_87",
    "pupa_test_88",
    "pupa_test_89",
    "pupa_test_90",
    "pupa_test_91",
    "pupa_test_92",
    "pupa_test_93",
    "pupa_test_94"
  ],
  "score_per_1k_rollouts": 1.468,
  "convergence_iteration": 1,
  "val_score_trajectory": [
    [
      1,
      0.5078351043521322
    ]
  ],
  "rollout_trajectory": [
    [
      1,
      355
    ]
  ],
  "best_val_trajectory": [
    [
      1,
      0.5078351043521322
    ]
  ],
  "sections_tested": 8,
  "sections_pruned": 3,
  "sections_kept": 5,
  "per_section_ablation_scores": [
    {
      "section_idx": 0,
      "score_without": 0.5260294117647059,
      "score_delta": 0.012443438914027216
    },
    {
      "section_idx": 1,
      "score_without": 0.5690441176470589,
      "score_delta": -0.030571266968325794
    },
    {
      "section_idx": 2,
      "score_without": 0.5005882352941177,
      "score_delta": 0.037884615384615405
    },
    {
      "section_idx": 3,
      "score_without": 0.5655882352941177,
      "score_delta": -0.027115384615384652
    },
    {
      "section_idx": 4,
      "score_without": 0.5647794117647058,
      "score_delta": -0.026306561085972735
    },
    {
      "section_idx": 5,
      "score_without": 0.5160294117647058,
      "score_delta": 0.022443438914027225
    },
    {
      "section_idx": 6,
      "score_without": 0.5143382352941177,
      "score_delta": 0.024134615384615365
    },
    {
      "section_idx": 7,
      "score_without": 0.5193627450980391,
      "score_delta": 0.019110105580693926
    }
  ],
  "original_prompt_length": 3892,
  "final_prompt_length": 2702,
  "n_initial_prompts": 3,
  "best_initial_score": 0.5460294117647059
}