{
  "rollout_count": 725,
  "reflection_call_count": 22,
  "wall_clock_seconds": 2188.24,
  "total_tokens": 626410,
  "task_input_tokens": 489528,
  "task_output_tokens": 129518,
  "reflection_input_tokens": 5981,
  "reflection_output_tokens": 1383,
  "test_score": 0.3688368648894965,
  "model": "openrouter/Qwen/Qwen3-1.7B",
  "model_tag": "qwen3-1.7b",
  "benchmark": "pupa",
  "seed": 123,
  "method": "slime_mold",
  "val_score": 0.5428571428571429,
  "prompt_length_chars": 119,
  "prompt_length_tokens": 29,
  "test_example_scores": [
    0.0,
    0.5,
    1.0,
    0.7142857142857143,
    0.0,
    0.5,
    0.75,
    0.0,
    0.0,
    1.0,
    0.0,
    0.5,
    0.5,
    0.16666666666666669,
    0.5,
    0.5,
    0.5,
    1.0,
    0.0,
    0.5,
    0.0,
    0.33333333333333337,
    1.0,
    0.5,
    0.5,
    0.04545454545454547,
    0.0,
    0.5,
    0.5,
    0.5,
    0.0,
    0.0,
    0.5,
    0.0,
    0.0,
    0.375,
    0.5714285714285714,
    1.0,
    0.75,
    0.0,
    0.5,
    0.5,
    0.5,
    0.0,
    0.5,
    0.5,
    0.5,
    0.5,
    1.0,
    0.5,
    0.0,
    0.5,
    0.33333333333333337,
    1.0,
    0.0,
    0.25,
    0.0,
    0.0,
    0.5,
    0.0,
    0.0,
    0.5,
    0.0,
    0.5,
    0.5,
    0.5,
    0.0,
    0.5,
    0.4583333333333333,
    0.0,
    0.0,
    0.25,
    0.5,
    0.5,
    1.0,
    0.0,
    0.5,
    0.5,
    0.25,
    0.5,
    0.0,
    0.125,
    0.0,
    0.16666666666666669,
    0.0,
    0.75,
    0.5,
    0.0,
    0.0,
    0.75,
    0.5,
    0.0,
    0.5,
    1.0,
    0.5
  ],
  "test_example_ids": [
    "pupa_test_0",
    "pupa_test_1",
    "pupa_test_2",
    "pupa_test_3",
    "pupa_test_4",
    "pupa_test_5",
    "pupa_test_6",
    "pupa_test_7",
    "pupa_test_8",
    "pupa_test_9",
    "pupa_test_10",
    "pupa_test_11",
    "pupa_test_12",
    "pupa_test_13",
    "pupa_test_14",
    "pupa_test_15",
    "pupa_test_16",
    "pupa_test_17",
    "pupa_test_18",
    "pupa_test_19",
    "pupa_test_20",
    "pupa_test_21",
    "pupa_test_22",
    "pupa_test_23",
    "pupa_test_24",
    "pupa_test_25",
    "pupa_test_26",
    "pupa_test_27",
    "pupa_test_28",
    "pupa_test_29",
    "pupa_test_30",
    "pupa_test_31",
    "pupa_test_32",
    "pupa_test_33",
    "pupa_test_34",
    "pupa_test_35",
    "pupa_test_36",
    "pupa_test_37",
    "pupa_test_38",
    "pupa_test_39",
    "pupa_test_40",
    "pupa_test_41",
    "pupa_test_42",
    "pupa_test_43",
    "pupa_test_44",
    "pupa_test_45",
    "pupa_test_46",
    "pupa_test_47",
    "pupa_test_48",
    "pupa_test_49",
    "pupa_test_50",
    "pupa_test_51",
    "pupa_test_52",
    "pupa_test_53",
    "pupa_test_54",
    "pupa_test_55",
    "pupa_test_56",
    "pupa_test_57",
    "pupa_test_58",
    "pupa_test_59",
    "pupa_test_60",
    "pupa_test_61",
    "pupa_test_62",
    "pupa_test_63",
    "pupa_test_64",
    "pupa_test_65",
    "pupa_test_66",
    "pupa_test_67",
    "pupa_test_68",
    "pupa_test_69",
    "pupa_test_70",
    "pupa_test_71",
    "pupa_test_72",
    "pupa_test_73",
    "pupa_test_74",
    "pupa_test_75",
    "pupa_test_76",
    "pupa_test_77",
    "pupa_test_78",
    "pupa_test_79",
    "pupa_test_80",
    "pupa_test_81",
    "pupa_test_82",
    "pupa_test_83",
    "pupa_test_84",
    "pupa_test_85",
    "pupa_test_86",
    "pupa_test_87",
    "pupa_test_88",
    "pupa_test_89",
    "pupa_test_90",
    "pupa_test_91",
    "pupa_test_92",
    "pupa_test_93",
    "pupa_test_94"
  ],
  "score_per_1k_rollouts": 0.5087,
  "convergence_iteration": 1,
  "prompt_char_delta": -101,
  "prompt_levenshtein_ratio": 0.4366,
  "prompt_word_count": 15,
  "task_error_count": 0,
  "reflection_error_count": 0,
  "val_score_trajectory": [
    [
      0,
      0.3198781266892722
    ],
    [
      1,
      0.5428571428571429
    ],
    [
      2,
      0.5428571428571429
    ],
    [
      3,
      0.5428571428571429
    ],
    [
      4,
      0.5428571428571429
    ],
    [
      5,
      0.41544029757652046
    ]
  ],
  "rollout_trajectory": [
    [
      0,
      0
    ],
    [
      1,
      200
    ],
    [
      2,
      400
    ],
    [
      3,
      525
    ],
    [
      4,
      630
    ],
    [
      5,
      725
    ]
  ],
  "best_val_trajectory": [
    [
      0,
      0.3198781266892722
    ],
    [
      1,
      0.5428571428571429
    ],
    [
      2,
      0.5428571428571429
    ],
    [
      3,
      0.5428571428571429
    ],
    [
      4,
      0.5428571428571429
    ],
    [
      5,
      0.5428571428571429
    ]
  ],
  "prompt_length_trajectory": [
    [
      0,
      220
    ],
    [
      200,
      156
    ],
    [
      400,
      156
    ],
    [
      525,
      156
    ],
    [
      630,
      156
    ],
    [
      725,
      119
    ]
  ],
  "stage_timings": [
    {
      "stage": "candidate_generation",
      "seconds": 8.61,
      "rollouts_used": 0
    },
    {
      "stage": "round_1",
      "seconds": 338.84,
      "rollouts_used": 200
    },
    {
      "stage": "round_2",
      "seconds": 592.69,
      "rollouts_used": 150
    },
    {
      "stage": "round_3",
      "seconds": 261.76,
      "rollouts_used": 100
    },
    {
      "stage": "round_4",
      "seconds": 245.42,
      "rollouts_used": 90
    },
    {
      "stage": "champion_eval",
      "seconds": 329.2,
      "rollouts_used": 95
    }
  ],
  "round_survivors": [
    20,
    10,
    5,
    3,
    1
  ],
  "round_scores": [
    {
      "round": 1,
      "candidate_rank": 0,
      "score": 0.5428571428571429
    },
    {
      "round": 1,
      "candidate_rank": 1,
      "score": 0.4125
    },
    {
      "round": 1,
      "candidate_rank": 2,
      "score": 0.4125
    },
    {
      "round": 1,
      "candidate_rank": 3,
      "score": 0.4
    },
    {
      "round": 1,
      "candidate_rank": 4,
      "score": 0.3875
    },
    {
      "round": 1,
      "candidate_rank": 5,
      "score": 0.375
    },
    {
      "round": 1,
      "candidate_rank": 6,
      "score": 0.35
    },
    {
      "round": 1,
      "candidate_rank": 7,
      "score": 0.3375
    },
    {
      "round": 1,
      "candidate_rank": 8,
      "score": 0.325
    },
    {
      "round": 1,
      "candidate_rank": 9,
      "score": 0.325
    },
    {
      "round": 1,
      "candidate_rank": 10,
      "score": 0.325
    },
    {
      "round": 1,
      "candidate_rank": 11,
      "score": 0.3196428571428572
    },
    {
      "round": 1,
      "candidate_rank": 12,
      "score": 0.3125
    },
    {
      "round": 1,
      "candidate_rank": 13,
      "score": 0.3
    },
    {
      "round": 1,
      "candidate_rank": 14,
      "score": 0.3
    },
    {
      "round": 1,
      "candidate_rank": 15,
      "score": 0.275
    },
    {
      "round": 1,
      "candidate_rank": 16,
      "score": 0.2625
    },
    {
      "round": 1,
      "candidate_rank": 17,
      "score": 0.2625
    },
    {
      "round": 1,
      "candidate_rank": 18,
      "score": 0.25
    },
    {
      "round": 1,
      "candidate_rank": 19,
      "score": 0.2
    },
    {
      "round": 2,
      "candidate_rank": 0,
      "score": 0.5122222222222222
    },
    {
      "round": 2,
      "candidate_rank": 1,
      "score": 0.4769047619047619
    },
    {
      "round": 2,
      "candidate_rank": 2,
      "score": 0.47055555555555556
    },
    {
      "round": 2,
      "candidate_rank": 3,
      "score": 0.46499999999999997
    },
    {
      "round": 2,
      "candidate_rank": 4,
      "score": 0.4455555555555556
    },
    {
      "round": 2,
      "candidate_rank": 5,
      "score": 0.4222222222222222
    },
    {
      "round": 2,
      "candidate_rank": 6,
      "score": 0.42055555555555557
    },
    {
      "round": 2,
      "candidate_rank": 7,
      "score": 0.4011111111111111
    },
    {
      "round": 2,
      "candidate_rank": 8,
      "score": 0.33999999999999997
    },
    {
      "round": 2,
      "candidate_rank": 9,
      "score": 0.3242063492063492
    },
    {
      "round": 3,