{
  "rollout_count": 725,
  "reflection_call_count": 22,
  "wall_clock_seconds": 2827.82,
  "total_tokens": 716509,
  "task_input_tokens": 573373,
  "task_output_tokens": 134418,
  "reflection_input_tokens": 6267,
  "reflection_output_tokens": 2451,
  "test_score": 0.5681692868534974,
  "model": "openrouter/Qwen/Qwen3-8B",
  "model_tag": "qwen3-8b",
  "benchmark": "pupa",
  "seed": 1024,
  "method": "slime_mold",
  "val_score": 0.7275,
  "prompt_length_chars": 618,
  "prompt_length_tokens": 154,
  "test_example_scores": [
    0.25,
    0.0,
    0.925,
    0.7821428571428571,
    0.5833333333333334,
    0.975,
    1.0,
    0.975,
    0.5,
    0.25,
    0.25,
    0.5,
    1.0,
    0.975,
    0.25,
    0.425,
    1.0,
    0.975,
    0.8,
    0.5,
    0.975,
    0.5833333333333334,
    0.75,
    0.425,
    0.25,
    0.5772727272727273,
    0.25,
    0.25,
    0.25,
    0.425,
    0.15,
    0.975,
    0.425,
    0.425,
    0.75,
    0.5,
    0.4642857142857143,
    0.975,
    0.25,
    0.425,
    0.65,
    0.375,
    0.25,
    0.925,
    0.5357142857142857,
    0.925,
    0.0,
    0.75,
    0.475,
    0.3,
    0.0,
    0.925,
    0.475,
    1.0,
    0.475,
    0.5916666666666667,
    1.0,
    0.3,
    0.925,
    0.25,
    0.0,
    0.975,
    1.0,
    1.0,
    0.375,
    1.0,
    0.25,
    0.425,
    0.75,
    0.0,
    0.25,
    0.4,
    1.0,
    0.425,
    0.25,
    0.1,
    0.0,
    1.0,
    0.25,
    0.25,
    0.3,
    0.925,
    1.0,
    0.95,
    0.25,
    0.425,
    0.25,
    1.0,
    1.0,
    0.625,
    0.75,
    0.925,
    0.425,
    0.33333333333333337,
    1.0
  ],
  "test_example_ids": [
    "pupa_test_0",
    "pupa_test_1",
    "pupa_test_2",
    "pupa_test_3",
    "pupa_test_4",
    "pupa_test_5",
    "pupa_test_6",
    "pupa_test_7",
    "pupa_test_8",
    "pupa_test_9",
    "pupa_test_10",
    "pupa_test_11",
    "pupa_test_12",
    "pupa_test_13",
    "pupa_test_14",
    "pupa_test_15",
    "pupa_test_16",
    "pupa_test_17",
    "pupa_test_18",
    "pupa_test_19",
    "pupa_test_20",
    "pupa_test_21",
    "pupa_test_22",
    "pupa_test_23",
    "pupa_test_24",
    "pupa_test_25",
    "pupa_test_26",
    "pupa_test_27",
    "pupa_test_28",
    "pupa_test_29",
    "pupa_test_30",
    "pupa_test_31",
    "pupa_test_32",
    "pupa_test_33",
    "pupa_test_34",
    "pupa_test_35",
    "pupa_test_36",
    "pupa_test_37",
    "pupa_test_38",
    "pupa_test_39",
    "pupa_test_40",
    "pupa_test_41",
    "pupa_test_42",
    "pupa_test_43",
    "pupa_test_44",
    "pupa_test_45",
    "pupa_test_46",
    "pupa_test_47",
    "pupa_test_48",
    "pupa_test_49",
    "pupa_test_50",
    "pupa_test_51",
    "pupa_test_52",
    "pupa_test_53",
    "pupa_test_54",
    "pupa_test_55",
    "pupa_test_56",
    "pupa_test_57",
    "pupa_test_58",
    "pupa_test_59",
    "pupa_test_60",
    "pupa_test_61",
    "pupa_test_62",
    "pupa_test_63",
    "pupa_test_64",
    "pupa_test_65",
    "pupa_test_66",
    "pupa_test_67",
    "pupa_test_68",
    "pupa_test_69",
    "pupa_test_70",
    "pupa_test_71",
    "pupa_test_72",
    "pupa_test_73",
    "pupa_test_74",
    "pupa_test_75",
    "pupa_test_76",
    "pupa_test_77",
    "pupa_test_78",
    "pupa_test_79",
    "pupa_test_80",
    "pupa_test_81",
    "pupa_test_82",
    "pupa_test_83",
    "pupa_test_84",
    "pupa_test_85",
    "pupa_test_86",
    "pupa_test_87",
    "pupa_test_88",
    "pupa_test_89",
    "pupa_test_90",
    "pupa_test_91",
    "pupa_test_92",
    "pupa_test_93",
    "pupa_test_94"
  ],
  "score_per_1k_rollouts": 0.7837,
  "convergence_iteration": 1,
  "prompt_char_delta": 398,
  "prompt_levenshtein_ratio": 0.0239,
  "prompt_word_count": 84,
  "task_error_count": 0,
  "reflection_error_count": 0,
  "val_score_trajectory": [
    [
      0,
      0.5924134620109852
    ],
    [
      1,
      0.7275
    ],
    [
      2,
      0.7275
    ],
    [
      3,
      0.7275
    ],
    [
      4,
      0.7275
    ],
    [
      5,
      0.6050909135584058
    ]
  ],
  "rollout_trajectory": [
    [
      0,
      0
    ],
    [
      1,
      200
    ],
    [
      2,
      400
    ],
    [
      3,
      525
    ],
    [
      4,
      630
    ],
    [
      5,
      725
    ]
  ],
  "best_val_trajectory": [
    [
      0,
      0.5924134620109852
    ],
    [
      1,
      0.7275
    ],
    [
      2,
      0.7275
    ],
    [
      3,
      0.7275
    ],
    [
      4,
      0.7275
    ],
    [
      5,
      0.7275
    ]
  ],
  "prompt_length_trajectory": [
    [
      0,
      220
    ],
    [
      200,
      259
    ],
    [
      400,
      259
    ],
    [
      525,
      259
    ],
    [
      630,
      259
    ],
    [
      725,
      618
    ]
  ],
  "stage_timings": [
    {
      "stage": "candidate_generation",
      "seconds": 14.6,
      "rollouts_used": 0
    },
    {
      "stage": "round_1",
      "seconds": 658.87,
      "rollouts_used": 200
    },
    {
      "stage": "round_2",
      "seconds": 412.12,
      "rollouts_used": 150
    },
    {
      "stage": "round_3",
      "seconds": 367.03,
      "rollouts_used": 100
    },
    {
      "stage": "round_4",
      "seconds": 330.89,
      "rollouts_used": 90
    },
    {
      "stage": "champion_eval",
      "seconds": 426.38,
      "rollouts_used": 95
    }
  ],
  "round_survivors": [
    20,
    10,
    5,
    3,
    1
  ],
  "round_scores": [
    {
      "round": 1,
      "candidate_rank": 0,
      "score": 0.7275
    },
    {
      "round": 1,
      "candidate_rank": 1,
      "score": 0.725
    },
    {
      "round": 1,
      "candidate_rank": 2,
      "score": 0.6950000000000001
    },
    {
      "round": 1,
      "candidate_rank": 3,
      "score": 0.6849999999999999
    },
    {
      "round": 1,
      "candidate_rank": 4,
      "score": 0.675
    },
    {
      "round": 1,
      "candidate_rank": 5,
      "score": 0.6599999999999999
    },
    {
      "round": 1,
      "candidate_rank": 6,
      "score": 0.655
    },
    {
      "round": 1,
      "candidate_rank": 7,
      "score": 0.625
    },
    {
      "round": 1,
      "candidate_rank": 8,
      "score": 0.6125
    },
    {
      "round": 1,
      "candidate_rank": 9,
      "score": 0.6125
    },
    {
      "round": 1,
      "candidate_rank": 10,
      "score": 0.6075
    },
    {
      "round": 1,
      "candidate_rank": 11,
      "score": 0.5925
    },
    {
      "round": 1,
      "candidate_rank": 12,
      "score": 0.5925
    },
    {
      "round": 1,
      "candidate_rank": 13,
      "score": 0.5825
    },
    {
      "round": 1,
      "candidate_rank": 14,
      "score": 0.5675
    },
    {
      "round": 1,
      "candidate_rank": 15,
      "score": 0.53
    },
    {
      "round": 1,
      "candidate_rank": 16,
      "score": 0.53
    },
    {
      "round": 1,
      "candidate_rank": 17,
      "score": 0.505
    },
    {
      "round": 1,
      "candidate_rank": 18,
      "score": 0.485
    },
    {
      "round": 1,
      "candidate_rank": 19,
      "score": 0.45999999999999996
    },
    {
      "round": 2,
      "candidate_rank": 0,
      "score": 0.6619047619047619
    },
    {
      "round": 2,
      "candidate_rank": 1,
      "score": 0.5935714285714285
    },
    {
      "round": 2,
      "candidate_rank": 2,
      "score": 0.5869047619047619
    },
    {
      "round": 2,
      "candidate_rank": 3,
      "score": 0.5819047619047619
    },
    {
      "round": 2,
      "candidate_rank": 4,
      "score": 0.53
    },
    {
      "round": 2,
      "candidate_rank": 5,
      "score": 0.511904761904762
    },
    {
      "round": 2,
      "candidate_rank": 6,
      "score": 0.49880952380952387
    },
    {
      "round": 2,
      "candidate_rank": 7,
      "score": 0.49023809523809525
    },
    {
      "round": 2,
      "candidate_rank": 8,
      "score": 0.4633333333333333
    },
    {
      "round": 2,
      "candidate_rank": 9,
      "score": 0.44690476190476186
    },
    {
      "round": 3,
      "candidate_rank": 0,