{
  "rollout_count": 725,
  "reflection_call_count": 22,
  "wall_clock_seconds": 4492.2,
  "total_tokens": 707124,
  "task_input_tokens": 587432,
  "task_output_tokens": 109979,
  "reflection_input_tokens": 5527,
  "reflection_output_tokens": 4186,
  "test_score": 0.7394611528822056,
  "val_score": 0.7337505339517724,
  "prompt_length_chars": 1348,
  "prompt_length_tokens": 337,
  "test_example_scores": [
    0.6,
    0.5,
    1.0,
    0.5,
    0.95,
    0.5,
    1.0,
    0.9,
    1.0,
    1.0,
    0.16666666666666669,
    0.5,
    0.9,
    0.0,
    0.5,
    1.0,
    1.0,
    1.0,
    0.375,
    1.0,
    0.5,
    0.5,
    0.65,
    0.5,
    0.0,
    0.8,
    1.0,
    0.5,
    1.0,
    0.925,
    1.0,
    0.5,
    1.0,
    1.0,
    1.0,
    0.375,
    1.0,
    1.0,
    1.0,
    0.25,
    0.5,
    0.5,
    0.75,
    1.0,
    0.5571428571428572,
    1.0,
    1.0,
    0.5,
    0.5,
    0.975,
    0.5,
    0.5,
    0.5,
    0.5,
    0.5,
    0.975,
    1.0,
    0.5,
    1.0,
    0.5,
    0.5,
    0.5,
    1.0,
    1.0,
    0.375,
    0.75,
    1.0,
    1.0,
    0.975,
    1.0,
    0.75,
    1.0,
    1.0,
    1.0,
    1.0,
    0.75,
    0.5,
    1.0,
    0.5,
    0.0,
    1.0,
    0.975,
    1.0,
    1.0,
    0.95,
    0.5,
    0.9,
    0.5,
    1.0,
    0.375,
    0.5,
    0.5,
    0.9,
    0.9,
    1.0
  ],
  "test_example_ids": [
    "pupa_test_0",
    "pupa_test_1",
    "pupa_test_2",
    "pupa_test_3",
    "pupa_test_4",
    "pupa_test_5",
    "pupa_test_6",
    "pupa_test_7",
    "pupa_test_8",
    "pupa_test_9",
    "pupa_test_10",
    "pupa_test_11",
    "pupa_test_12",
    "pupa_test_13",
    "pupa_test_14",
    "pupa_test_15",
    "pupa_test_16",
    "pupa_test_17",
    "pupa_test_18",
    "pupa_test_19",
    "pupa_test_20",
    "pupa_test_21",
    "pupa_test_22",
    "pupa_test_23",
    "pupa_test_24",
    "pupa_test_25",
    "pupa_test_26",
    "pupa_test_27",
    "pupa_test_28",
    "pupa_test_29",
    "pupa_test_30",
    "pupa_test_31",
    "pupa_test_32",
    "pupa_test_33",
    "pupa_test_34",
    "pupa_test_35",
    "pupa_test_36",
    "pupa_test_37",
    "pupa_test_38",
    "pupa_test_39",
    "pupa_test_40",
    "pupa_test_41",
    "pupa_test_42",
    "pupa_test_43",
    "pupa_test_44",
    "pupa_test_45",
    "pupa_test_46",
    "pupa_test_47",
    "pupa_test_48",
    "pupa_test_49",
    "pupa_test_50",
    "pupa_test_51",
    "pupa_test_52",
    "pupa_test_53",
    "pupa_test_54",
    "pupa_test_55",
    "pupa_test_56",
    "pupa_test_57",
    "pupa_test_58",
    "pupa_test_59",
    "pupa_test_60",
    "pupa_test_61",
    "pupa_test_62",
    "pupa_test_63",
    "pupa_test_64",
    "pupa_test_65",
    "pupa_test_66",
    "pupa_test_67",
    "pupa_test_68",
    "pupa_test_69",
    "pupa_test_70",
    "pupa_test_71",
    "pupa_test_72",
    "pupa_test_73",
    "pupa_test_74",
    "pupa_test_75",
    "pupa_test_76",
    "pupa_test_77",
    "pupa_test_78",
    "pupa_test_79",
    "pupa_test_80",
    "pupa_test_81",
    "pupa_test_82",
    "pupa_test_83",
    "pupa_test_84",
    "pupa_test_85",
    "pupa_test_86",
    "pupa_test_87",
    "pupa_test_88",
    "pupa_test_89",
    "pupa_test_90",
    "pupa_test_91",
    "pupa_test_92",
    "pupa_test_93",
    "pupa_test_94"
  ],
  "score_per_1k_rollouts": 1.0199,
  "convergence_iteration": 4,
  "val_score_trajectory": [
    [
      4,
      0.7337505339517724
    ]
  ],
  "rollout_trajectory": [
    [
      4,
      725
    ]
  ],
  "best_val_trajectory": [
    [
      4,
      0.7337505339517724
    ]
  ],
  "round_survivors": [
    20,
    10,
    5,
    3,
    1
  ],
  "round_scores": [
    {
      "round": 1,
      "candidate_rank": 0,
      "score": 0.7150000000000001
    },
    {
      "round": 1,
      "candidate_rank": 1,
      "score": 0.6599999999999999
    },
    {
      "round": 1,
      "candidate_rank": 2,
      "score": 0.645
    },
    {
      "round": 1,
      "candidate_rank": 3,
      "score": 0.645
    },
    {
      "round": 1,
      "candidate_rank": 4,
      "score": 0.6
    },
    {
      "round": 1,
      "candidate_rank": 5,
      "score": 0.6
    },
    {
      "round": 1,
      "candidate_rank": 6,
      "score": 0.6
    },
    {
      "round": 1,
      "candidate_rank": 7,
      "score": 0.5875
    },
    {
      "round": 1,
      "candidate_rank": 8,
      "score": 0.55
    },
    {
      "round": 1,
      "candidate_rank": 9,
      "score": 0.5475
    },
    {
      "round": 1,
      "candidate_rank": 10,
      "score": 0.545
    },
    {
      "round": 1,
      "candidate_rank": 11,
      "score": 0.525
    },
    {
      "round": 1,
      "candidate_rank": 12,
      "score": 0.525
    },
    {
      "round": 1,
      "candidate_rank": 13,
      "score": 0.52
    },
    {
      "round": 1,
      "candidate_rank": 14,
      "score": 0.52
    },
    {
      "round": 1,
      "candidate_rank": 15,
      "score": 0.495
    },
    {
      "round": 1,
      "candidate_rank": 16,
      "score": 0.49000000000000005
    },
    {
      "round": 1,
      "candidate_rank": 17,
      "score": 0.47750000000000004
    },
    {
      "round": 1,
      "candidate_rank": 18,
      "score": 0.475
    },
    {
      "round": 1,
      "candidate_rank": 19,
      "score": 0.45
    },
    {
      "round": 2,
      "candidate_rank": 0,
      "score": 0.795
    },
    {
      "round": 2,
      "candidate_rank": 1,
      "score": 0.7716666666666666
    },
    {
      "round": 2,
      "candidate_rank": 2,
      "score": 0.7666666666666667
    },
    {
      "round": 2,
      "candidate_rank": 3,
      "score": 0.746904761904762
    },
    {
      "round": 2,
      "candidate_rank": 4,
      "score": 0.7416666666666667
    },
    {
      "round": 2,
      "candidate_rank": 5,
      "score": 0.7335714285714285
    },
    {
      "round": 2,
      "candidate_rank": 6,
      "score": 0.6866666666666668
    },
    {
      "round": 2,
      "candidate_rank": 7,
      "score": 0.6552380952380953
    },
    {
      "round": 2,
      "candidate_rank": 8,
      "score": 0.6066666666666667
    },
    {
      "round": 2,
      "candidate_rank": 9,
      "score": 0.5452380952380953
    },
    {
      "round": 3,
      "candidate_rank": 0,
      "score": 0.8862500000000001
    },
    {
      "round": 3,
      "candidate_rank": 1,
      "score": 0.80625
    },
    {
      "round": 3,
      "candidate_rank": 2,
      "score": 0.7849999999999999
    },
    {
      "round": 3,
      "candidate_rank": 3,
      "score": 0.645
    },
    {
      "round": 3,
      "candidate_rank": 4,
      "score": 0.06916666666666667
    },
    {
      "round": 4,
      "candidate_rank": 0,
      "score": 0.87
    },
    {
      "round": 4,
      "candidate_rank": 1,
      "score": 0.8453968253968254
    },
    {
      "round": 4,
      "candidate_rank": 2,
      "score": 0.8316666666666667
    }
  ],
  "pruning_history": [
    {
      "round": 1,
      "n_candidates": 20,
      "n_examples": 10,
      "best_score": 0.7150000000000001,
      "worst_score": 0.45
    },
    {
      "round": 2,
      "n_candidates": 10,
      "n_examples": 15,
      "best_score": 0.795,
      "worst_score": 0.5452380952380953
    },
    {
      "round": 3,
      "n_candidates": 5,
      "n_examples": 20,
      "best_score": 0.8862500000000001,
      "worst_score": 0.06916666666666667
    },
    {
      "round": 4,
      "n_candidates": 3,
      "n_examples": 30,
      "best_score": 0.87,
      "worst_score": 0.8316666666666667
    }
  ]
}