{
  "rollout_count": 1094,
  "reflection_call_count": 4,
  "wall_clock_seconds": 6134.8,
  "total_tokens": 1024131,
  "task_input_tokens": 843956,
  "task_output_tokens": 172866,
  "reflection_input_tokens": 382,
  "reflection_output_tokens": 6927,
  "test_score": 0.5316423634844687,
  "val_score": 0.49871840234069337,
  "prompt_length_chars": 413,
  "prompt_length_tokens": 103,
  "test_example_scores": [
    0.25,
    0.5,
    0.5,
    0.2857142857142857,
    0.975,
    0.5,
    1.0,
    1.0,
    0.95,
    0.5,
    0.5,
    0.5,
    1.0,
    1.0,
    0.0,
    0.0,
    1.0,
    0.5,
    0.25,
    0.0,
    0.95,
    0.33333333333333337,
    0.55,
    1.0,
    0.0,
    0.18181818181818182,
    1.0,
    0.0,
    1.0,
    0.4166666666666667,
    0.0,
    1.0,
    0.0,
    0.0,
    1.0,
    0.5,
    0.5,
    0.75,
    0.25,
    0.5,
    0.5,
    0.0,
    0.5,
    1.0,
    0.2857142857142857,
    1.0,
    0.5,
    0.5,
    0.95,
    0.9,
    0.0,
    0.0,
    0.0,
    0.0,
    0.0,
    1.0,
    0.0,
    0.0,
    1.0,
    1.0,
    0.0,
    0.5,
    0.5,
    0.5,
    0.975,
    0.5,
    0.95,
    0.5,
    0.5083333333333333,
    0.4444444444444444,
    0.75,
    1.0,
    0.975,
    0.0,
    0.975,
    0.0,
    0.0,
    0.975,
    0.0,
    0.5,
    0.975,
    1.0,
    0.975,
    1.0,
    0.5,
    0.0,
    0.0,
    0.0,
    1.0,
    0.875,
    1.0,
    0.0,
    0.95,
    0.9,
    0.5
  ],
  "test_example_ids": [
    "pupa_test_0",
    "pupa_test_1",
    "pupa_test_2",
    "pupa_test_3",
    "pupa_test_4",
    "pupa_test_5",
    "pupa_test_6",
    "pupa_test_7",
    "pupa_test_8",
    "pupa_test_9",
    "pupa_test_10",
    "pupa_test_11",
    "pupa_test_12",
    "pupa_test_13",
    "pupa_test_14",
    "pupa_test_15",
    "pupa_test_16",
    "pupa_test_17",
    "pupa_test_18",
    "pupa_test_19",
    "pupa_test_20",
    "pupa_test_21",
    "pupa_test_22",
    "pupa_test_23",
    "pupa_test_24",
    "pupa_test_25",
    "pupa_test_26",
    "pupa_test_27",
    "pupa_test_28",
    "pupa_test_29",
    "pupa_test_30",
    "pupa_test_31",
    "pupa_test_32",
    "pupa_test_33",
    "pupa_test_34",
    "pupa_test_35",
    "pupa_test_36",
    "pupa_test_37",
    "pupa_test_38",
    "pupa_test_39",
    "pupa_test_40",
    "pupa_test_41",
    "pupa_test_42",
    "pupa_test_43",
    "pupa_test_44",
    "pupa_test_45",
    "pupa_test_46",
    "pupa_test_47",
    "pupa_test_48",
    "pupa_test_49",
    "pupa_test_50",
    "pupa_test_51",
    "pupa_test_52",
    "pupa_test_53",
    "pupa_test_54",
    "pupa_test_55",
    "pupa_test_56",
    "pupa_test_57",
    "pupa_test_58",
    "pupa_test_59",
    "pupa_test_60",
    "pupa_test_61",
    "pupa_test_62",
    "pupa_test_63",
    "pupa_test_64",
    "pupa_test_65",
    "pupa_test_66",
    "pupa_test_67",
    "pupa_test_68",
    "pupa_test_69",
    "pupa_test_70",
    "pupa_test_71",
    "pupa_test_72",
    "pupa_test_73",
    "pupa_test_74",
    "pupa_test_75",
    "pupa_test_76",
    "pupa_test_77",
    "pupa_test_78",
    "pupa_test_79",
    "pupa_test_80",
    "pupa_test_81",
    "pupa_test_82",
    "pupa_test_83",
    "pupa_test_84",
    "pupa_test_85",
    "pupa_test_86",
    "pupa_test_87",
    "pupa_test_88",
    "pupa_test_89",
    "pupa_test_90",
    "pupa_test_91",
    "pupa_test_92",
    "pupa_test_93",
    "pupa_test_94"
  ],
  "score_per_1k_rollouts": 0.486,
  "convergence_iteration": 1,
  "val_score_trajectory": [
    [
      1,
      0.49871840234069337
    ]
  ],
  "rollout_trajectory": [
    [
      1,
      1094
    ]
  ],
  "best_val_trajectory": [
    [
      1,
      0.49871840234069337
    ]
  ],
  "pool_size": 64,
  "rounds": 6,
  "matchup_results": [
    {
      "round": 0,
      "match_idx": 0,
      "winner_idx": 1,
      "loser_idx": 0,
      "winner_score": 0.5,
      "loser_score": 0.495,
      "n_examples": 5
    },
    {
      "round": 0,
      "match_idx": 1,
      "winner_idx": 3,
      "loser_idx": 2,
      "winner_score": 0.32999999999999996,
      "loser_score": 0.29,
      "n_examples": 5
    },
    {
      "round": 0,
      "match_idx": 2,
      "winner_idx": 5,
      "loser_idx": 4,
      "winner_score": 0.35,
      "loser_score": 0.1,
      "n_examples": 5
    },
    {
      "round": 0,
      "match_idx": 3,
      "winner_idx": 7,
      "loser_idx": 6,
      "winner_score": 0.595,
      "loser_score": 0.275,
      "n_examples": 5
    },
    {
      "round": 0,
      "match_idx": 4,
      "winner_idx": 9,
      "loser_idx": 8,
      "winner_score": 0.49000000000000005,
      "loser_score": 0.4,
      "n_examples": 5
    },
    {
      "round": 0,
      "match_idx": 5,
      "winner_idx": 11,
      "loser_idx": 10,
      "winner_score": 0.51,
      "loser_score": 0.5,
      "n_examples": 5
    },
    {
      "round": 0,
      "match_idx": 6,
      "winner_idx": 12,
      "loser_idx": 13,
      "winner_score": 0.34285714285714286,
      "loser_score": 0.2857142857142857,
      "n_examples": 5
    },
    {
      "round": 0,
      "match_idx": 7,
      "winner_idx": 15,
      "loser_idx": 14,
      "winner_score": 0.7857142857142857,
      "loser_score": 0.4928571428571429,
      "n_examples": 5
    },
    {
      "round": 0,
      "match_idx": 8,
      "winner_idx": 17,
      "loser_idx": 16,
      "winner_score": 0.7557142857142857,
      "loser_score": 0.48571428571428577,
      "n_examples": 5
    },
    {
      "round": 0,
      "match_idx": 9,
      "winner_idx": 18,
      "loser_idx": 19,
      "winner_score": 0.13999999999999999,
      "loser_score": 0.12,
      "n_examples": 5
    },
    {
      "round": 0,
      "match_idx": 10,
      "winner_idx": 20,
      "loser_idx": 21,
      "winner_score": 0.4928571428571429,
      "loser_score": 0.28380952380952384,
      "n_examples": 5
    },
    {
      "round": 0,
      "match_idx": 11,
      "winner_idx": 23,
      "loser_idx": 22,
      "winner_score": 0.6,
      "loser_score": 0.35,
      "n_examples": 5
    },
    {
      "round": 0,
      "match_idx": 12,
      "winner_idx": 25,
      "loser_idx": 24,
      "winner_score": 0.675,
      "loser_score": 0.11666666666666665,
      "n_examples": 5
    },
    {
      "round": 0,
      "match_idx": 13,
      "winner_idx": 27,
      "loser_idx": 26,
      "winner_score": 0.5833333333333333,
      "loser_score": 0.05,
      "n_examples": 5
    },
    {
      "round": 0,
      "match_idx": 14,
      "winner_idx": 28,
      "loser_idx": 29,
      "winner_score": 0.525,
      "loser_score": 0.195,
      "n_examples": 5
    },
    {
      "round": 0,
      "match_idx": 15,
      "winner_idx": 31,
      "loser_idx": 30,
      "winner_score": 0.7557142857142857,
      "loser_score": 0.745,
      "n_examples": 5
    },
    {
      "round": 0,
      "match_idx": 16,
      "winner_idx": 32,
      "loser_idx": 33,
      "winner_score": 0.6900000000000001,
      "loser_score": 0.45,
      "n_examples": 5
    },
    {
      "round": 0,
      "match_idx": 17,
      "winner_idx": 35,
      "loser_idx": 34,
      "winner_score": 0.5900000000000001,
      "loser_score": 0.25952380952380955,
      "n_examples": 5
    },
    {
      "round": 0,
      "match_idx": 18,
      "winner_idx": 37,
      "loser_idx": 36,
      "winner_score": 0.6799999999999999,
      "loser_score": 0.52,
      "n_examples": 5
    },
    {
      "round": 0,
      "match_idx": 19,
      "winner_idx": 39,
      "loser_idx": 38,
      "winner_score": 0.46904761904761905,
      "loser_score": 0.20428571428571426,
      "n_examples": 5
    },
    {
      "round": 0,
      "match_idx": 20,
      "winner_idx": 41,
      "loser_idx": 40,
      "winner_score": 0.6016666666666667,
      "loser_score": 0.4683333333333334,
      "n_examples": 5
    },
    {
      "round": 0,
      "match_idx": 21,
      "winner_idx": 42,
      "loser_idx": 43,
      "winner_score": 0.7,
      "loser_score": 0.15,
      "n_examples": 5
    },
    {
      "round": 0,
      "match_idx": 22,
      "winner_idx": 44,
      "loser_idx": 45,
      "winner_score": 0.65,