{
  "rollout_count": 1094,
  "reflection_call_count": 4,
  "wall_clock_seconds": 6646.63,
  "total_tokens": 1020178,
  "task_input_tokens": 825429,
  "task_output_tokens": 187374,
  "reflection_input_tokens": 382,
  "reflection_output_tokens": 6993,
  "test_score": 0.6302586010480747,
  "val_score": 0.6271806779391919,
  "prompt_length_chars": 452,
  "prompt_length_tokens": 113,
  "test_example_scores": [
    0.5,
    0.5,
    0.95,
    0.95,
    0.975,
    0.75,
    1.0,
    0.95,
    0.5,
    1.0,
    0.16666666666666669,
    0.5,
    1.0,
    0.5,
    0.0,
    0.95,
    0.5,
    0.8,
    0.6,
    0.5,
    0.5,
    0.16666666666666669,
    0.6,
    0.95,
    0.5,
    0.40909090909090906,
    0.5,
    0.5,
    0.5,
    0.975,
    0.975,
    0.75,
    0.5,
    0.0,
    0.5,
    0.375,
    0.5,
    0.5,
    0.5,
    0.5,
    0.975,
    0.75,
    0.5,
    1.0,
    0.35714285714285715,
    1.0,
    0.95,
    0.55,
    1.0,
    0.975,
    0.0,
    0.5,
    0.5,
    0.5,
    0.5,
    1.0,
    1.0,
    0.5,
    0.875,
    0.5,
    0.5,
    0.5,
    0.95,
    0.75,
    0.5,
    0.5,
    0.95,
    0.5,
    0.5,
    0.5,
    0.5,
    0.5,
    1.0,
    0.0,
    1.0,
    0.0,
    0.5,
    0.95,
    0.5,
    0.5,
    0.975,
    1.0,
    0.975,
    0.95,
    0.9,
    0.5,
    0.45,
    0.6,
    0.95,
    0.25,
    0.5,
    0.5,
    0.5,
    0.5,
    0.5
  ],
  "test_example_ids": [
    "pupa_test_0",
    "pupa_test_1",
    "pupa_test_2",
    "pupa_test_3",
    "pupa_test_4",
    "pupa_test_5",
    "pupa_test_6",
    "pupa_test_7",
    "pupa_test_8",
    "pupa_test_9",
    "pupa_test_10",
    "pupa_test_11",
    "pupa_test_12",
    "pupa_test_13",
    "pupa_test_14",
    "pupa_test_15",
    "pupa_test_16",
    "pupa_test_17",
    "pupa_test_18",
    "pupa_test_19",
    "pupa_test_20",
    "pupa_test_21",
    "pupa_test_22",
    "pupa_test_23",
    "pupa_test_24",
    "pupa_test_25",
    "pupa_test_26",
    "pupa_test_27",
    "pupa_test_28",
    "pupa_test_29",
    "pupa_test_30",
    "pupa_test_31",
    "pupa_test_32",
    "pupa_test_33",
    "pupa_test_34",
    "pupa_test_35",
    "pupa_test_36",
    "pupa_test_37",
    "pupa_test_38",
    "pupa_test_39",
    "pupa_test_40",
    "pupa_test_41",
    "pupa_test_42",
    "pupa_test_43",
    "pupa_test_44",
    "pupa_test_45",
    "pupa_test_46",
    "pupa_test_47",
    "pupa_test_48",
    "pupa_test_49",
    "pupa_test_50",
    "pupa_test_51",
    "pupa_test_52",
    "pupa_test_53",
    "pupa_test_54",
    "pupa_test_55",
    "pupa_test_56",
    "pupa_test_57",
    "pupa_test_58",
    "pupa_test_59",
    "pupa_test_60",
    "pupa_test_61",
    "pupa_test_62",
    "pupa_test_63",
    "pupa_test_64",
    "pupa_test_65",
    "pupa_test_66",
    "pupa_test_67",
    "pupa_test_68",
    "pupa_test_69",
    "pupa_test_70",
    "pupa_test_71",
    "pupa_test_72",
    "pupa_test_73",
    "pupa_test_74",
    "pupa_test_75",
    "pupa_test_76",
    "pupa_test_77",
    "pupa_test_78",
    "pupa_test_79",
    "pupa_test_80",
    "pupa_test_81",
    "pupa_test_82",
    "pupa_test_83",
    "pupa_test_84",
    "pupa_test_85",
    "pupa_test_86",
    "pupa_test_87",
    "pupa_test_88",
    "pupa_test_89",
    "pupa_test_90",
    "pupa_test_91",
    "pupa_test_92",
    "pupa_test_93",
    "pupa_test_94"
  ],
  "score_per_1k_rollouts": 0.5761,
  "convergence_iteration": 1,
  "val_score_trajectory": [
    [
      1,
      0.6271806779391919
    ]
  ],
  "rollout_trajectory": [
    [
      1,
      1094
    ]
  ],
  "best_val_trajectory": [
    [
      1,
      0.6271806779391919
    ]
  ],
  "pool_size": 64,
  "rounds": 6,
  "matchup_results": [
    {
      "round": 0,
      "match_idx": 0,
      "winner_idx": 0,
      "loser_idx": 1,
      "winner_score": 0.625,
      "loser_score": 0.13999999999999999,
      "n_examples": 5
    },
    {
      "round": 0,
      "match_idx": 1,
      "winner_idx": 2,
      "loser_idx": 3,
      "winner_score": 0.5900000000000001,
      "loser_score": 0.2,
      "n_examples": 5
    },
    {
      "round": 0,
      "match_idx": 2,
      "winner_idx": 4,
      "loser_idx": 5,
      "winner_score": 0.3,
      "loser_score": 0.1,
      "n_examples": 5
    },
    {
      "round": 0,
      "match_idx": 3,
      "winner_idx": 6,
      "loser_idx": 7,
      "winner_score": 0.7,
      "loser_score": 0.5783333333333334,
      "n_examples": 5
    },
    {
      "round": 0,
      "match_idx": 4,
      "winner_idx": 9,
      "loser_idx": 8,
      "winner_score": 0.55,
      "loser_score": 0.45,
      "n_examples": 5
    },
    {
      "round": 0,
      "match_idx": 5,
      "winner_idx": 11,
      "loser_idx": 10,
      "winner_score": 0.6799999999999999,
      "loser_score": 0.16666666666666669,
      "n_examples": 5
    },
    {
      "round": 0,
      "match_idx": 6,
      "winner_idx": 12,
      "loser_idx": 13,
      "winner_score": 0.6799999999999999,
      "loser_score": 0.6799999999999999,
      "n_examples": 5
    },
    {
      "round": 0,
      "match_idx": 7,
      "winner_idx": 15,
      "loser_idx": 14,
      "winner_score": 0.99,
      "loser_score": 0.6,
      "n_examples": 5
    },
    {
      "round": 0,
      "match_idx": 8,
      "winner_idx": 17,
      "loser_idx": 16,
      "winner_score": 0.569047619047619,
      "loser_score": 0.16666666666666666,
      "n_examples": 5
    },
    {
      "round": 0,
      "match_idx": 9,
      "winner_idx": 18,
      "loser_idx": 19,
      "winner_score": 0.3628571428571429,
      "loser_score": 0.1392857142857143,
      "n_examples": 5
    },
    {
      "round": 0,
      "match_idx": 10,
      "winner_idx": 20,
      "loser_idx": 21,
      "winner_score": 0.25,
      "loser_score": 0.25,
      "n_examples": 5
    },
    {
      "round": 0,
      "match_idx": 11,
      "winner_idx": 22,
      "loser_idx": 23,
      "winner_score": 0.73,
      "loser_score": 0.12,
      "n_examples": 5
    },
    {
      "round": 0,
      "match_idx": 12,
      "winner_idx": 25,
      "loser_idx": 24,
      "winner_score": 0.6599999999999999,
      "loser_score": 0.27,
      "n_examples": 5
    },
    {
      "round": 0,
      "match_idx": 13,
      "winner_idx": 27,
      "loser_idx": 26,
      "winner_score": 0.2642857142857143,
      "loser_score": 0.18,
      "n_examples": 5
    },
    {
      "round": 0,
      "match_idx": 14,
      "winner_idx": 28,
      "loser_idx": 29,
      "winner_score": 0.74,
      "loser_score": 0.0,
      "n_examples": 5
    },
    {
      "round": 0,
      "match_idx": 15,
      "winner_idx": 30,
      "loser_idx": 31,
      "winner_score": 0.8400000000000001,
      "loser_score": 0.0,
      "n_examples": 5
    },
    {
      "round": 0,
      "match_idx": 16,
      "winner_idx": 32,
      "loser_idx": 33,
      "winner_score": 0.3,
      "loser_score": 0.18,
      "n_examples": 5
    },
    {
      "round": 0,
      "match_idx": 17,
      "winner_idx": 35,
      "loser_idx": 34,
      "winner_score": 0.7,
      "loser_score": 0.5,
      "n_examples": 5
    },
    {
      "round": 0,
      "match_idx": 18,
      "winner_idx": 36,
      "loser_idx": 37,
      "winner_score": 0.5557142857142857,
      "loser_score": 0.31,
      "n_examples": 5
    },
    {
      "round": 0,
      "match_idx": 19,
      "winner_idx": 38,
      "loser_idx": 39,
      "winner_score": 0.8300000000000001,
      "loser_score": 0.4357142857142858,
      "n_examples": 5
    },
    {
      "round": 0,
      "match_idx": 20,
      "winner_idx": 40,
      "loser_idx": 41,
      "winner_score": 0.65,
      "loser_score": 0.51,
      "n_examples": 5
    },
    {
      "round": 0,
      "match_idx": 21,
      "winner_idx": 42,
      "loser_idx": 43,
      "winner_score": 0.2,
      "loser_score": 0.1,
      "n_examples": 5
    },
    {
      "round": 0,
      "match_idx": 22,
      "winner_idx": 44,
      "loser_idx": 45,
      "winner_score": 0.4714285714285714,
      "loser_score": 0.1392857142857143,
      "n_examples": 5
    },
    {
      "round": 0,