{
  "rollout_count": 725,
  "reflection_call_count": 22,
  "wall_clock_seconds": 4439.6,
  "total_tokens": 641640,
  "task_input_tokens": 529603,
  "task_output_tokens": 101174,
  "reflection_input_tokens": 6013,
  "reflection_output_tokens": 4850,
  "test_score": 0.5705914027492975,
  "val_score": 0.6113317191924003,
  "prompt_length_chars": 1664,
  "prompt_length_tokens": 416,
  "test_example_scores": [
    0.7,
    1.0,
    0.5,
    0.9,
    0.5,
    0.9,
    1.0,
    0.95,
    1.0,
    0.0,
    0.16666666666666669,
    0.5,
    0.9,
    0.75,
    0.0,
    1.0,
    1.0,
    1.0,
    0.825,
    0.0,
    1.0,
    0.16666666666666669,
    0.5,
    1.0,
    0.0,
    0.18181818181818182,
    1.0,
    0.5,
    0.5,
    0.25,
    0.0,
    0.0,
    0.0,
    0.0,
    1.0,
    0.375,
    0.5,
    0.5,
    0.5,
    0.0,
    0.0,
    0.0,
    0.5,
    1.0,
    0.35714285714285715,
    1.0,
    1.0,
    0.5,
    1.0,
    0.995,
    0.0,
    0.0,
    0.5,
    1.0,
    0.0,
    0.975,
    1.0,
    0.0,
    1.0,
    1.0,
    0.0,
    1.0,
    1.0,
    1.0,
    0.375,
    0.75,
    0.95,
    1.0,
    0.75,
    0.05555555555555558,
    0.5,
    0.0,
    1.0,
    0.5,
    0.5,
    1.0,
    0.0,
    0.375,
    1.0,
    0.975,
    1.0,
    0.5,
    1.0,
    1.0,
    1.0,
    0.0,
    0.0,
    1.0,
    1.0,
    0.25,
    0.0,
    0.0,
    0.0,
    0.33333333333333337,
    1.0
  ],
  "test_example_ids": [
    "pupa_test_0",
    "pupa_test_1",
    "pupa_test_2",
    "pupa_test_3",
    "pupa_test_4",
    "pupa_test_5",
    "pupa_test_6",
    "pupa_test_7",
    "pupa_test_8",
    "pupa_test_9",
    "pupa_test_10",
    "pupa_test_11",
    "pupa_test_12",
    "pupa_test_13",
    "pupa_test_14",
    "pupa_test_15",
    "pupa_test_16",
    "pupa_test_17",
    "pupa_test_18",
    "pupa_test_19",
    "pupa_test_20",
    "pupa_test_21",
    "pupa_test_22",
    "pupa_test_23",
    "pupa_test_24",
    "pupa_test_25",
    "pupa_test_26",
    "pupa_test_27",
    "pupa_test_28",
    "pupa_test_29",
    "pupa_test_30",
    "pupa_test_31",
    "pupa_test_32",
    "pupa_test_33",
    "pupa_test_34",
    "pupa_test_35",
    "pupa_test_36",
    "pupa_test_37",
    "pupa_test_38",
    "pupa_test_39",
    "pupa_test_40",
    "pupa_test_41",
    "pupa_test_42",
    "pupa_test_43",
    "pupa_test_44",
    "pupa_test_45",
    "pupa_test_46",
    "pupa_test_47",
    "pupa_test_48",
    "pupa_test_49",
    "pupa_test_50",
    "pupa_test_51",
    "pupa_test_52",
    "pupa_test_53",
    "pupa_test_54",
    "pupa_test_55",
    "pupa_test_56",
    "pupa_test_57",
    "pupa_test_58",
    "pupa_test_59",
    "pupa_test_60",
    "pupa_test_61",
    "pupa_test_62",
    "pupa_test_63",
    "pupa_test_64",
    "pupa_test_65",
    "pupa_test_66",
    "pupa_test_67",
    "pupa_test_68",
    "pupa_test_69",
    "pupa_test_70",
    "pupa_test_71",
    "pupa_test_72",
    "pupa_test_73",
    "pupa_test_74",
    "pupa_test_75",
    "pupa_test_76",
    "pupa_test_77",
    "pupa_test_78",
    "pupa_test_79",
    "pupa_test_80",
    "pupa_test_81",
    "pupa_test_82",
    "pupa_test_83",
    "pupa_test_84",
    "pupa_test_85",
    "pupa_test_86",
    "pupa_test_87",
    "pupa_test_88",
    "pupa_test_89",
    "pupa_test_90",
    "pupa_test_91",
    "pupa_test_92",
    "pupa_test_93",
    "pupa_test_94"
  ],
  "score_per_1k_rollouts": 0.787,
  "convergence_iteration": 4,
  "val_score_trajectory": [
    [
      4,
      0.6113317191924003
    ]
  ],
  "rollout_trajectory": [
    [
      4,
      725
    ]
  ],
  "best_val_trajectory": [
    [
      4,
      0.6113317191924003
    ]
  ],
  "round_survivors": [
    20,
    10,
    5,
    3,
    1
  ],
  "round_scores": [
    {
      "round": 1,
      "candidate_rank": 0,
      "score": 0.7125
    },
    {
      "round": 1,
      "candidate_rank": 1,
      "score": 0.7
    },
    {
      "round": 1,
      "candidate_rank": 2,
      "score": 0.6599999999999999
    },
    {
      "round": 1,
      "candidate_rank": 3,
      "score": 0.6475
    },
    {
      "round": 1,
      "candidate_rank": 4,
      "score": 0.5925
    },
    {
      "round": 1,
      "candidate_rank": 5,
      "score": 0.5650000000000001
    },
    {
      "round": 1,
      "candidate_rank": 6,
      "score": 0.5625
    },
    {
      "round": 1,
      "candidate_rank": 7,
      "score": 0.5625
    },
    {
      "round": 1,
      "candidate_rank": 8,
      "score": 0.5599999999999999
    },
    {
      "round": 1,
      "candidate_rank": 9,
      "score": 0.5599999999999999
    },
    {
      "round": 1,
      "candidate_rank": 10,
      "score": 0.5475
    },
    {
      "round": 1,
      "candidate_rank": 11,
      "score": 0.545
    },
    {
      "round": 1,
      "candidate_rank": 12,
      "score": 0.53
    },
    {
      "round": 1,
      "candidate_rank": 13,
      "score": 0.525
    },
    {
      "round": 1,
      "candidate_rank": 14,
      "score": 0.525
    },
    {
      "round": 1,
      "candidate_rank": 15,
      "score": 0.5
    },
    {
      "round": 1,
      "candidate_rank": 16,
      "score": 0.495
    },
    {
      "round": 1,
      "candidate_rank": 17,
      "score": 0.45499999999999996
    },
    {
      "round": 1,
      "candidate_rank": 18,
      "score": 0.395
    },
    {
      "round": 1,
      "candidate_rank": 19,
      "score": 0.33999999999999997
    },
    {
      "round": 2,
      "candidate_rank": 0,
      "score": 0.8835714285714286
    },
    {
      "round": 2,
      "candidate_rank": 1,
      "score": 0.861904761904762
    },
    {
      "round": 2,
      "candidate_rank": 2,
      "score": 0.8552380952380952
    },
    {
      "round": 2,
      "candidate_rank": 3,
      "score": 0.8466666666666666
    },
    {
      "round": 2,
      "candidate_rank": 4,
      "score": 0.8252380952380952
    },
    {
      "round": 2,
      "candidate_rank": 5,
      "score": 0.7952380952380953
    },
    {
      "round": 2,
      "candidate_rank": 6,
      "score": 0.7935714285714286
    },
    {
      "round": 2,
      "candidate_rank": 7,
      "score": 0.7852380952380952
    },
    {
      "round": 2,
      "candidate_rank": 8,
      "score": 0.7835714285714286
    },
    {
      "round": 2,
      "candidate_rank": 9,
      "score": 0.6952380952380952
    },
    {
      "round": 3,
      "candidate_rank": 0,
      "score": 0.8480952380952381
    },
    {
      "round": 3,
      "candidate_rank": 1,
      "score": 0.8216071428571429
    },
    {
      "round": 3,
      "candidate_rank": 2,
      "score": 0.8122619047619046
    },
    {
      "round": 3,
      "candidate_rank": 3,
      "score": 0.7857738095238095
    },
    {
      "round": 3,
      "candidate_rank": 4,
      "score": 0.7791071428571429
    },
    {
      "round": 4,
      "candidate_rank": 0,
      "score": 0.8559523809523809
    },
    {
      "round": 4,
      "candidate_rank": 1,
      "score": 0.8339523809523809
    },
    {
      "round": 4,
      "candidate_rank": 2,
      "score": 0.7960714285714285
    }
  ],
  "pruning_history": [
    {
      "round": 1,
      "n_candidates": 20,
      "n_examples": 10,
      "best_score": 0.7125,
      "worst_score": 0.33999999999999997
    },
    {
      "round": 2,
      "n_candidates": 10,
      "n_examples": 15,
      "best_score": 0.8835714285714286,
      "worst_score": 0.6952380952380952
    },
    {
      "round": 3,
      "n_candidates": 5,
      "n_examples": 20,
      "best_score": 0.8480952380952381,
      "worst_score": 0.7791071428571429
    },
    {
      "round": 4,
      "n_candidates": 3,
      "n_examples": 30,
      "best_score": 0.8559523809523809,
      "worst_score": 0.7960714285714285
    }
  ]
}