{
  "rollout_count": 725,
  "reflection_call_count": 22,
  "wall_clock_seconds": 2549.45,
  "total_tokens": 681153,
  "task_input_tokens": 522369,
  "task_output_tokens": 150839,
  "reflection_input_tokens": 6162,
  "reflection_output_tokens": 1783,
  "test_score": 0.40731943495101386,
  "model": "openrouter/Qwen/Qwen3-1.7B",
  "model_tag": "qwen3-1.7b",
  "benchmark": "pupa",
  "seed": 789,
  "method": "slime_mold",
  "val_score": 0.6683333333333333,
  "prompt_length_chars": 174,
  "prompt_length_tokens": 43,
  "test_example_scores": [
    0.25,
    0.0,
    0.5,
    0.5714285714285714,
    0.33333333333333337,
    0.5,
    0.75,
    0.5,
    1.0,
    0.0,
    0.5,
    0.5,
    0.8333333333333334,
    0.6666666666666667,
    0.5,
    0.5,
    0.5,
    1.0,
    0.125,
    0.0,
    0.0,
    0.8333333333333334,
    1.0,
    0.0,
    0.0,
    0.2727272727272727,
    0.5,
    0.5,
    0.5,
    0.33333333333333337,
    0.5,
    0.5,
    0.5,
    0.0,
    0.0,
    0.375,
    0.6428571428571428,
    0.5,
    0.75,
    0.0,
    1.0,
    0.0,
    0.5,
    0.0,
    0.5,
    1.0,
    0.0,
    0.5,
    1.0,
    0.0,
    0.25,
    0.5,
    0.5,
    0.5,
    0.0,
    0.16666666666666669,
    0.5,
    0.0,
    0.33333333333333337,
    0.0,
    0.5,
    0.5,
    0.0,
    0.5,
    0.75,
    0.0,
    0.5,
    1.0,
    0.20833333333333331,
    0.0,
    0.0,
    0.0,
    1.0,
    0.5,
    0.5,
    0.5,
    0.5,
    0.0,
    0.5,
    0.5,
    0.5,
    0.125,
    0.5,
    0.0,
    0.125,
    0.75,
    0.5,
    0.0,
    0.5,
    0.75,
    0.5,
    0.5,
    0.5,
    1.0,
    0.0
  ],
  "test_example_ids": [
    "pupa_test_0",
    "pupa_test_1",
    "pupa_test_2",
    "pupa_test_3",
    "pupa_test_4",
    "pupa_test_5",
    "pupa_test_6",
    "pupa_test_7",
    "pupa_test_8",
    "pupa_test_9",
    "pupa_test_10",
    "pupa_test_11",
    "pupa_test_12",
    "pupa_test_13",
    "pupa_test_14",
    "pupa_test_15",
    "pupa_test_16",
    "pupa_test_17",
    "pupa_test_18",
    "pupa_test_19",
    "pupa_test_20",
    "pupa_test_21",
    "pupa_test_22",
    "pupa_test_23",
    "pupa_test_24",
    "pupa_test_25",
    "pupa_test_26",
    "pupa_test_27",
    "pupa_test_28",
    "pupa_test_29",
    "pupa_test_30",
    "pupa_test_31",
    "pupa_test_32",
    "pupa_test_33",
    "pupa_test_34",
    "pupa_test_35",
    "pupa_test_36",
    "pupa_test_37",
    "pupa_test_38",
    "pupa_test_39",
    "pupa_test_40",
    "pupa_test_41",
    "pupa_test_42",
    "pupa_test_43",
    "pupa_test_44",
    "pupa_test_45",
    "pupa_test_46",
    "pupa_test_47",
    "pupa_test_48",
    "pupa_test_49",
    "pupa_test_50",
    "pupa_test_51",
    "pupa_test_52",
    "pupa_test_53",
    "pupa_test_54",
    "pupa_test_55",
    "pupa_test_56",
    "pupa_test_57",
    "pupa_test_58",
    "pupa_test_59",
    "pupa_test_60",
    "pupa_test_61",
    "pupa_test_62",
    "pupa_test_63",
    "pupa_test_64",
    "pupa_test_65",
    "pupa_test_66",
    "pupa_test_67",
    "pupa_test_68",
    "pupa_test_69",
    "pupa_test_70",
    "pupa_test_71",
    "pupa_test_72",
    "pupa_test_73",
    "pupa_test_74",
    "pupa_test_75",
    "pupa_test_76",
    "pupa_test_77",
    "pupa_test_78",
    "pupa_test_79",
    "pupa_test_80",
    "pupa_test_81",
    "pupa_test_82",
    "pupa_test_83",
    "pupa_test_84",
    "pupa_test_85",
    "pupa_test_86",
    "pupa_test_87",
    "pupa_test_88",
    "pupa_test_89",
    "pupa_test_90",
    "pupa_test_91",
    "pupa_test_92",
    "pupa_test_93",
    "pupa_test_94"
  ],
  "score_per_1k_rollouts": 0.5618,
  "convergence_iteration": 1,
  "prompt_char_delta": -46,
  "prompt_levenshtein_ratio": 0.4873,
  "prompt_word_count": 21,
  "task_error_count": 0,
  "reflection_error_count": 0,
  "val_score_trajectory": [
    [
      0,
      0.27379625534424296
    ],
    [
      1,
      0.6683333333333333
    ],
    [
      2,
      0.6683333333333333
    ],
    [
      3,
      0.6683333333333333
    ],
    [
      4,
      0.6683333333333333
    ],
    [
      5,
      0.4152042625417239
    ]
  ],
  "rollout_trajectory": [
    [
      0,
      0
    ],
    [
      1,
      200
    ],
    [
      2,
      400
    ],
    [
      3,
      525
    ],
    [
      4,
      630
    ],
    [
      5,
      725
    ]
  ],
  "best_val_trajectory": [
    [
      0,
      0.27379625534424296
    ],
    [
      1,
      0.6683333333333333
    ],
    [
      2,
      0.6683333333333333
    ],
    [
      3,
      0.6683333333333333
    ],
    [
      4,
      0.6683333333333333
    ],
    [
      5,
      0.6683333333333333
    ]
  ],
  "prompt_length_trajectory": [
    [
      0,
      220
    ],
    [
      200,
      145
    ],
    [
      400,
      145
    ],
    [
      525,
      145
    ],
    [
      630,
      145
    ],
    [
      725,
      174
    ]
  ],
  "stage_timings": [
    {
      "stage": "candidate_generation",
      "seconds": 8.64,
      "rollouts_used": 0
    },
    {
      "stage": "round_1",
      "seconds": 755.51,
      "rollouts_used": 200
    },
    {
      "stage": "round_2",
      "seconds": 422.18,
      "rollouts_used": 150
    },
    {
      "stage": "round_3",
      "seconds": 325.05,
      "rollouts_used": 100
    },
    {
      "stage": "round_4",
      "seconds": 231.62,
      "rollouts_used": 90
    },
    {
      "stage": "champion_eval",
      "seconds": 350.43,
      "rollouts_used": 95
    }
  ],
  "round_survivors": [
    20,
    10,
    5,
    3,
    1
  ],
  "round_scores": [
    {
      "round": 1,
      "candidate_rank": 0,
      "score": 0.6683333333333333
    },
    {
      "round": 1,
      "candidate_rank": 1,
      "score": 0.5833333333333333
    },
    {
      "round": 1,
      "candidate_rank": 2,
      "score": 0.5641666666666667
    },
    {
      "round": 1,
      "candidate_rank": 3,
      "score": 0.5
    },
    {
      "round": 1,
      "candidate_rank": 4,
      "score": 0.4416666666666667
    },
    {
      "round": 1,
      "candidate_rank": 5,
      "score": 0.43916666666666665
    },
    {
      "round": 1,
      "candidate_rank": 6,
      "score": 0.41833333333333333
    },
    {
      "round": 1,
      "candidate_rank": 7,
      "score": 0.4166666666666667
    },
    {
      "round": 1,
      "candidate_rank": 8,
      "score": 0.4141666666666667
    },
    {
      "round": 1,
      "candidate_rank": 9,
      "score": 0.40166666666666667
    },
    {
      "round": 1,
      "candidate_rank": 10,
      "score": 0.38083333333333336
    },
    {
      "round": 1,
      "candidate_rank": 11,
      "score": 0.37666666666666665
    },
    {
      "round": 1,
      "candidate_rank": 12,
      "score": 0.37083333333333335
    },
    {
      "round": 1,
      "candidate_rank": 13,
      "score": 0.36833333333333335
    },
    {
      "round": 1,
      "candidate_rank": 14,
      "score": 0.36416666666666664
    },
    {
      "round": 1,
      "candidate_rank": 15,
      "score": 0.32805555555555554
    },
    {
      "round": 1,
      "candidate_rank": 16,
      "score": 0.31416666666666665
    },
    {
      "round": 1,
      "candidate_rank": 17,
      "score": 0.30583333333333335
    },
    {
      "round": 1,
      "candidate_rank": 18,
      "score": 0.2808333333333334
    },
    {
      "round": 1,
      "candidate_rank": 19,
      "score": 0.12250000000000001
    },
    {
      "round": 2,
      "candidate_rank": 0,
      "score": 0.5916666666666667
    },
    {
      "round": 2,
      "candidate_rank": 1,
      "score": 0.5488095238095239
    },
    {
      "round": 2,
      "candidate_rank": 2,
      "score": 0.5071428571428571
    },
    {
      "round": 2,
      "candidate_rank": 3,
      "score": 0.4642857142857143
    },
    {
      "round": 2,
      "candidate_rank": 4,
      "score": 0.4142857142857143
    },
    {
      "round": 2,
      "candidate_rank": 5,
      "score": 0.36428571428571427
    },
    {
      "round": 2,
      "candidate_rank": 6,
      "score": 0.34285714285714286
    },
    {
      "round": 2,