{
  "rollout_count": 1094,
  "reflection_call_count": 4,
  "wall_clock_seconds": 4716.01,
  "total_tokens": 982985,
  "task_input_tokens": 793295,
  "task_output_tokens": 185409,
  "reflection_input_tokens": 382,
  "reflection_output_tokens": 3899,
  "test_score": 0.7130827067669173,
  "model": "openai/Qwen/Qwen3-14B",
  "model_tag": "qwen3-14b",
  "benchmark": "pupa",
  "seed": 789,
  "method": "tournament",
  "val_score": 0.7614077614851609,
  "prompt_length_chars": 282,
  "prompt_length_tokens": 70,
  "test_example_scores": [
    0.25,
    0.75,
    0.925,
    0.925,
    0.325,
    0.425,
    0.25,
    0.925,
    0.75,
    0.75,
    0.875,
    0.65,
    0.925,
    0.8,
    0.5,
    0.925,
    1.0,
    0.75,
    0.575,
    0.25,
    0.875,
    0.4666666666666667,
    0.75,
    0.875,
    0.75,
    0.75,
    0.75,
    1.0,
    0.25,
    0.375,
    0.8,
    0.825,
    0.925,
    0.325,
    0.75,
    0.65,
    0.39285714285714285,
    0.925,
    0.55,
    0.325,
    0.825,
    0.75,
    0.8,
    1.0,
    0.875,
    0.375,
    0.9,
    0.825,
    0.75,
    0.825,
    0.0,
    0.325,
    0.8,
    0.875,
    0.375,
    0.3833333333333333,
    0.925,
    0.925,
    0.925,
    0.75,
    0.8,
    0.875,
    1.0,
    0.8,
    0.55,
    0.75,
    0.75,
    0.875,
    0.825,
    0.75,
    0.75,
    0.875,
    0.825,
    0.875,
    0.925,
    0.3,
    0.75,
    1.0,
    0.8,
    0.325,
    1.0,
    0.375,
    1.0,
    0.75,
    0.8,
    0.875,
    0.25,
    0.875,
    0.8,
    0.625,
    0.75,
    0.825,
    0.875,
    0.75,
    0.75
  ],
  "test_example_ids": [
    "pupa_test_0",
    "pupa_test_1",
    "pupa_test_2",
    "pupa_test_3",
    "pupa_test_4",
    "pupa_test_5",
    "pupa_test_6",
    "pupa_test_7",
    "pupa_test_8",
    "pupa_test_9",
    "pupa_test_10",
    "pupa_test_11",
    "pupa_test_12",
    "pupa_test_13",
    "pupa_test_14",
    "pupa_test_15",
    "pupa_test_16",
    "pupa_test_17",
    "pupa_test_18",
    "pupa_test_19",
    "pupa_test_20",
    "pupa_test_21",
    "pupa_test_22",
    "pupa_test_23",
    "pupa_test_24",
    "pupa_test_25",
    "pupa_test_26",
    "pupa_test_27",
    "pupa_test_28",
    "pupa_test_29",
    "pupa_test_30",
    "pupa_test_31",
    "pupa_test_32",
    "pupa_test_33",
    "pupa_test_34",
    "pupa_test_35",
    "pupa_test_36",
    "pupa_test_37",
    "pupa_test_38",
    "pupa_test_39",
    "pupa_test_40",
    "pupa_test_41",
    "pupa_test_42",
    "pupa_test_43",
    "pupa_test_44",
    "pupa_test_45",
    "pupa_test_46",
    "pupa_test_47",
    "pupa_test_48",
    "pupa_test_49",
    "pupa_test_50",
    "pupa_test_51",
    "pupa_test_52",
    "pupa_test_53",
    "pupa_test_54",
    "pupa_test_55",
    "pupa_test_56",
    "pupa_test_57",
    "pupa_test_58",
    "pupa_test_59",
    "pupa_test_60",
    "pupa_test_61",
    "pupa_test_62",
    "pupa_test_63",
    "pupa_test_64",
    "pupa_test_65",
    "pupa_test_66",
    "pupa_test_67",
    "pupa_test_68",
    "pupa_test_69",
    "pupa_test_70",
    "pupa_test_71",
    "pupa_test_72",
    "pupa_test_73",
    "pupa_test_74",
    "pupa_test_75",
    "pupa_test_76",
    "pupa_test_77",
    "pupa_test_78",
    "pupa_test_79",
    "pupa_test_80",
    "pupa_test_81",
    "pupa_test_82",
    "pupa_test_83",
    "pupa_test_84",
    "pupa_test_85",
    "pupa_test_86",
    "pupa_test_87",
    "pupa_test_88",
    "pupa_test_89",
    "pupa_test_90",
    "pupa_test_91",
    "pupa_test_92",
    "pupa_test_93",
    "pupa_test_94"
  ],
  "score_per_1k_rollouts": 0.6518,
  "convergence_iteration": 1,
  "val_score_trajectory": [
    [
      1,
      0.7614077614851609
    ]
  ],
  "rollout_trajectory": [
    [
      1,
      1094
    ]
  ],
  "best_val_trajectory": [
    [
      1,
      0.7614077614851609
    ]
  ],
  "pool_size": 64,
  "rounds": 6,
  "matchup_results": [
    {
      "round": 0,
      "match_idx": 0,
      "winner_idx": 1,
      "loser_idx": 0,
      "winner_score": 0.5549999999999999,
      "loser_score": 0.48166666666666663,
      "n_examples": 5
    },
    {
      "round": 0,
      "match_idx": 1,
      "winner_idx": 3,
      "loser_idx": 2,
      "winner_score": 0.7007142857142857,
      "loser_score": 0.40285714285714286,
      "n_examples": 5
    },
    {
      "round": 0,
      "match_idx": 2,
      "winner_idx": 4,
      "loser_idx": 5,
      "winner_score": 0.7300000000000001,
      "loser_score": 0.41,
      "n_examples": 5
    },
    {
      "round": 0,
      "match_idx": 3,
      "winner_idx": 6,
      "loser_idx": 7,
      "winner_score": 0.61,
      "loser_score": 0.5599999999999999,
      "n_examples": 5
    },
    {
      "round": 0,
      "match_idx": 4,
      "winner_idx": 9,
      "loser_idx": 8,
      "winner_score": 0.7007142857142857,
      "loser_score": 0.5107142857142858,
      "n_examples": 5
    },
    {
      "round": 0,
      "match_idx": 5,
      "winner_idx": 10,
      "loser_idx": 11,
      "winner_score": 0.7849999999999999,
      "loser_score": 0.29500000000000004,
      "n_examples": 5
    },
    {
      "round": 0,
      "match_idx": 6,
      "winner_idx": 12,
      "loser_idx": 13,
      "winner_score": 0.8699999999999999,
      "loser_score": 0.7957142857142857,
      "n_examples": 5
    },
    {
      "round": 0,
      "match_idx": 7,
      "winner_idx": 14,
      "loser_idx": 15,
      "winner_score": 0.5900000000000001,
      "loser_score": 0.45,
      "n_examples": 5
    },
    {
      "round": 0,
      "match_idx": 8,
      "winner_idx": 17,
      "loser_idx": 16,
      "winner_score": 0.625,
      "loser_score": 0.495,
      "n_examples": 5
    },
    {
      "round": 0,
      "match_idx": 9,
      "winner_idx": 18,
      "loser_idx": 19,
      "winner_score": 0.625,
      "loser_score": 0.41,
      "n_examples": 5
    },
    {
      "round": 0,
      "match_idx": 10,
      "winner_idx": 20,
      "loser_idx": 21,
      "winner_score": 0.655,
      "loser_score": 0.41,
      "n_examples": 5
    },
    {
      "round": 0,
      "match_idx": 11,
      "winner_idx": 23,
      "loser_idx": 22,
      "winner_score": 0.7407142857142858,
      "loser_score": 0.7350000000000001,
      "n_examples": 5
    },
    {
      "round": 0,
      "match_idx": 12,
      "winner_idx": 24,
      "loser_idx": 25,
      "winner_score": 0.582857142857143,
      "loser_score": 0.44785714285714284,
      "n_examples": 5
    },
    {
      "round": 0,
      "match_idx": 13,
      "winner_idx": 26,
      "loser_idx": 27,
      "winner_score": 0.585,
      "loser_score": 0.5516666666666666,
      "n_examples": 5
    },
    {
      "round": 0,
      "match_idx": 14,
      "winner_idx": 28,
      "loser_idx": 29,
      "winner_score": 0.7878571428571428,
      "loser_score": 0.6957142857142857,
      "n_examples": 5
    },
    {
      "round": 0,
      "match_idx": 15,
      "winner_idx": 30,
      "loser_idx": 31,
      "winner_score": 0.715,
      "loser_score": 0.41,
      "n_examples": 5
    },
    {
      "round": 0,
      "match_idx": 16,
      "winner_idx": 33,
      "loser_idx": 32,
      "winner_score": 0.525,
      "loser_score": 0.43499999999999994,
      "n_examples": 5
    },
    {
      "round": 0,
      "match_idx": 17,
      "winner_idx": 34,
      "loser_idx": 35,
      "winner_score": 0.6890476190476191,
      "loser_score": 0.6357142857142858,
      "n_examples": 5
    },
    {
      "round": 0,
      "match_idx": 18,
      "winner_idx": 37,
      "loser_idx": 36,
      "winner_score": 0.55,
      "loser_score": 0.36,
      "n_examples": 5
    },
    {
      "round": 0,
      "match_idx": 19,
      "winner_idx": 39,
      "loser_idx": 38,
      "winner_score": 0.62,
      "loser_score": 0.4416666666666667,
      "n_examples": 5
    },
    {
      "round": 0,
      "match_idx": 20,
      "winner_idx": 41,
      "loser_idx": 40,
      "winner_score": 0.605,
      "loser_score": 0.5,
      "n_examples": 5
    },
    {
      "round": 0,
      "match_idx": 21,
      "winner_idx": 42,
      "loser_idx": 43,