{
  "rollout_count": 777,
  "reflection_call_count": 22,
  "wall_clock_seconds": 12640.36,
  "total_tokens": 868866,
  "task_input_tokens": 494952,
  "task_output_tokens": 358840,
  "reflection_input_tokens": 10436,
  "reflection_output_tokens": 4638,
  "test_score": 0.3918918918918919,
  "val_score": 0.40816326530612246,
  "prompt_length_chars": 1062,
  "prompt_length_tokens": 265,
  "test_example_scores": [
    0.0,
    0.0,
    1.0,
    0.0,
    0.0,
    0.0,
    0.0,
    0.0,
    0.0,
    1.0,
    0.0,
    1.0,
    0.0,
    0.0,
    1.0,
    1.0,
    0.0,
    1.0,
    1.0,
    1.0,
    0.0,
    0.0,
    0.0,
    0.0,
    1.0,
    0.0,
    0.0,
    0.0,
    1.0,
    0.0,
    0.0,
    1.0,
    0.0,
    0.0,
    1.0,
    0.0,
    0.0,
    0.0,
    1.0,
    1.0,
    0.0,
    1.0,
    0.0,
    1.0,
    0.0,
    1.0,
    1.0,
    1.0,
    0.0,
    1.0,
    0.0,
    1.0,
    0.0,
    1.0,
    0.0,
    0.0,
    1.0,
    0.0,
    0.0,
    0.0,
    0.0,
    0.0,
    0.0,
    0.0,
    0.0,
    0.0,
    1.0,
    1.0,
    1.0,
    1.0,
    1.0,
    1.0,
    1.0,
    0.0,
    0.0,
    0.0,
    0.0,
    0.0,
    1.0,
    1.0,
    0.0,
    1.0,
    0.0,
    0.0,
    0.0,
    1.0,
    0.0,
    0.0,
    1.0,
    0.0,
    0.0,
    1.0,
    0.0,
    0.0,
    0.0,
    0.0,
    1.0,
    1.0,
    1.0,
    0.0,
    0.0,
    0.0,
    0.0,
    1.0,
    0.0,
    0.0,
    0.0,
    0.0,
    1.0,
    0.0,
    1.0,
    0.0,
    0.0,
    0.0,
    0.0,
    0.0,
    1.0,
    1.0,
    1.0,
    0.0,
    0.0,
    0.0,
    1.0,
    0.0,
    0.0,
    1.0,
    0.0,
    0.0,
    0.0,
    1.0,
    0.0,
    1.0,
    0.0,
    1.0,
    0.0,
    0.0,
    0.0,
    0.0,
    1.0,
    1.0,
    1.0,
    1.0,
    1.0,
    0.0,
    1.0,
    0.0,
    1.0,
    1.0
  ],
  "test_example_ids": [
    "livebench_test_0",
    "livebench_test_1",
    "livebench_test_2",
    "livebench_test_3",
    "livebench_test_4",
    "livebench_test_5",
    "livebench_test_6",
    "livebench_test_7",
    "livebench_test_8",
    "livebench_test_9",
    "livebench_test_10",
    "livebench_test_11",
    "livebench_test_12",
    "livebench_test_13",
    "livebench_test_14",
    "livebench_test_15",
    "livebench_test_16",
    "livebench_test_17",
    "livebench_test_18",
    "livebench_test_19",
    "livebench_test_20",
    "livebench_test_21",
    "livebench_test_22",
    "livebench_test_23",
    "livebench_test_24",
    "livebench_test_25",
    "livebench_test_26",
    "livebench_test_27",
    "livebench_test_28",
    "livebench_test_29",
    "livebench_test_30",
    "livebench_test_31",
    "livebench_test_32",
    "livebench_test_33",
    "livebench_test_34",
    "livebench_test_35",
    "livebench_test_36",
    "livebench_test_37",
    "livebench_test_38",
    "livebench_test_39",
    "livebench_test_40",
    "livebench_test_41",
    "livebench_test_42",
    "livebench_test_43",
    "livebench_test_44",
    "livebench_test_45",
    "livebench_test_46",
    "livebench_test_47",
    "livebench_test_48",
    "livebench_test_49",
    "livebench_test_50",
    "livebench_test_51",
    "livebench_test_52",
    "livebench_test_53",
    "livebench_test_54",
    "livebench_test_55",
    "livebench_test_56",
    "livebench_test_57",
    "livebench_test_58",
    "livebench_test_59",
    "livebench_test_60",
    "livebench_test_61",
    "livebench_test_62",
    "livebench_test_63",
    "livebench_test_64",
    "livebench_test_65",
    "livebench_test_66",
    "livebench_test_67",
    "livebench_test_68",
    "livebench_test_69",
    "livebench_test_70",
    "livebench_test_71",
    "livebench_test_72",
    "livebench_test_73",
    "livebench_test_74",
    "livebench_test_75",
    "livebench_test_76",
    "livebench_test_77",
    "livebench_test_78",
    "livebench_test_79",
    "livebench_test_80",
    "livebench_test_81",
    "livebench_test_82",
    "livebench_test_83",
    "livebench_test_84",
    "livebench_test_85",
    "livebench_test_86",
    "livebench_test_87",
    "livebench_test_88",
    "livebench_test_89",
    "livebench_test_90",
    "livebench_test_91",
    "livebench_test_92",
    "livebench_test_93",
    "livebench_test_94",
    "livebench_test_95",
    "livebench_test_96",
    "livebench_test_97",
    "livebench_test_98",
    "livebench_test_99",
    "livebench_test_100",
    "livebench_test_101",
    "livebench_test_102",
    "livebench_test_103",
    "livebench_test_104",
    "livebench_test_105",
    "livebench_test_106",
    "livebench_test_107",
    "livebench_test_108",
    "livebench_test_109",
    "livebench_test_110",
    "livebench_test_111",
    "livebench_test_112",
    "livebench_test_113",
    "livebench_test_114",
    "livebench_test_115",
    "livebench_test_116",
    "livebench_test_117",
    "livebench_test_118",
    "livebench_test_119",
    "livebench_test_120",
    "livebench_test_121",
    "livebench_test_122",
    "livebench_test_123",
    "livebench_test_124",
    "livebench_test_125",
    "livebench_test_126",
    "livebench_test_127",
    "livebench_test_128",
    "livebench_test_129",
    "livebench_test_130",
    "livebench_test_131",
    "livebench_test_132",
    "livebench_test_133",
    "livebench_test_134",
    "livebench_test_135",
    "livebench_test_136",
    "livebench_test_137",
    "livebench_test_138",
    "livebench_test_139",
    "livebench_test_140",
    "livebench_test_141",
    "livebench_test_142",
    "livebench_test_143",
    "livebench_test_144",
    "livebench_test_145",
    "livebench_test_146",
    "livebench_test_147"
  ],
  "score_per_1k_rollouts": 0.5044,
  "convergence_iteration": 4,
  "val_score_trajectory": [
    [
      4,
      0.40816326530612246
    ]
  ],
  "rollout_trajectory": [
    [
      4,
      777
    ]
  ],
  "best_val_trajectory": [
    [
      4,
      0.40816326530612246
    ]
  ],
  "round_survivors": [
    20,
    10,
    5,
    3,
    1
  ],
  "round_scores": [
    {
      "round": 1,
      "candidate_rank": 0,
      "score": 0.6
    },
    {
      "round": 1,
      "candidate_rank": 1,
      "score": 0.6
    },
    {
      "round": 1,
      "candidate_rank": 2,
      "score": 0.6
    },
    {
      "round": 1,
      "candidate_rank": 3,
      "score": 0.6
    },
    {
      "round": 1,
      "candidate_rank": 4,
      "score": 0.6
    },
    {
      "round": 1,
      "candidate_rank": 5,
      "score": 0.6
    },
    {
      "round": 1,
      "candidate_rank": 6,
      "score": 0.5
    },
    {
      "round": 1,
      "candidate_rank": 7,
      "score": 0.5
    },
    {
      "round": 1,
      "candidate_rank": 8,
      "score": 0.5
    },
    {
      "round": 1,
      "candidate_rank": 9,
      "score": 0.5
    },
    {
      "round": 1,
      "candidate_rank": 10,
      "score": 0.5
    },
    {
      "round": 1,
      "candidate_rank": 11,
      "score": 0.5
    },
    {
      "round": 1,
      "candidate_rank": 12,
      "score": 0.5
    },
    {
      "round": 1,
      "candidate_rank": 13,
      "score": 0.5
    },
    {
      "round": 1,
      "candidate_rank": 14,
      "score": 0.5
    },
    {
      "round": 1,
      "candidate_rank": 15,
      "score": 0.4
    },
    {
      "round": 1,
      "candidate_rank": 16,
      "score": 0.4
    },
    {
      "round": 1,
      "candidate_rank": 17,
      "score": 0.4
    },
    {
      "round": 1,
      "candidate_rank": 18,
      "score": 0.4
    },
    {
      "round": 1,
      "candidate_rank": 19,
      "score": 0.4
    },
    {
      "round": 2,
      "candidate_rank": 0,
      "score": 0.4
    },
    {
      "round": 2,
      "candidate_rank": 1,
      "score": 0.4
    },
    {
      "round": 2,
      "candidate_rank": 2,
      "score": 0.4
    },
    {
      "round": 2,
      "candidate_rank": 3,
      "score": 0.4
    },
    {
      "round": 2,
      "candidate_rank": 4,
      "score": 0.4
    },
    {
      "round": 2,
      "candidate_rank": 5,
      "score": 0.4
    },
    {
      "round": 2,
      "candidate_rank": 6,