{
  "rollout_count": 415,
  "reflection_call_count": 5,
  "wall_clock_seconds": 2096.99,
  "total_tokens": 797332,
  "task_input_tokens": 697389,
  "task_output_tokens": 95345,
  "reflection_input_tokens": 2486,
  "reflection_output_tokens": 2112,
  "test_score": 0.49702437912964226,
  "model": "openrouter/Qwen/Qwen3-8B",
  "model_tag": "qwen3-8b",
  "benchmark": "pupa",
  "seed": 42,
  "method": "synaptic_pruning",
  "val_score": 0.6059984803638054,
  "prompt_length_chars": 3665,
  "prompt_length_tokens": 916,
  "test_example_scores": [
    0.0,
    0.25,
    0.925,
    0.6392857142857142,
    0.5833333333333334,
    0.975,
    0.5,
    0.725,
    0.5,
    0.0,
    0.4166666666666667,
    0.5,
    1.0,
    0.925,
    0.25,
    0.425,
    1.0,
    0.75,
    0.5,
    0.25,
    0.975,
    0.31666666666666665,
    0.975,
    0.475,
    0.25,
    0.6363636363636364,
    0.25,
    0.4,
    0.425,
    0.425,
    0.25,
    0.45,
    0.425,
    0.25,
    0.0,
    0.5,
    0.4642857142857143,
    0.925,
    0.5,
    0.475,
    0.3,
    0.0,
    0.375,
    0.5,
    0.4357142857142857,
    0.5,
    0.75,
    0.25,
    0.0,
    0.475,
    0.0,
    0.425,
    0.475,
    0.975,
    0.425,
    0.5083333333333333,
    1.0,
    0.425,
    1.0,
    0.1,
    0.25,
    0.925,
    0.5,
    0.75,
    0.25,
    0.0,
    0.25,
    0.425,
    0.9333333333333333,
    0.25,
    0.25,
    0.75,
    1.0,
    0.425,
    0.475,
    0.0,
    0.0,
    1.0,
    0.25,
    0.25,
    1.0,
    0.675,
    0.5,
    0.6333333333333333,
    0.975,
    0.425,
    0.25,
    0.4,
    1.0,
    0.675,
    0.75,
    0.425,
    0.425,
    0.25,
    0.5
  ],
  "test_example_ids": [
    "pupa_test_0",
    "pupa_test_1",
    "pupa_test_2",
    "pupa_test_3",
    "pupa_test_4",
    "pupa_test_5",
    "pupa_test_6",
    "pupa_test_7",
    "pupa_test_8",
    "pupa_test_9",
    "pupa_test_10",
    "pupa_test_11",
    "pupa_test_12",
    "pupa_test_13",
    "pupa_test_14",
    "pupa_test_15",
    "pupa_test_16",
    "pupa_test_17",
    "pupa_test_18",
    "pupa_test_19",
    "pupa_test_20",
    "pupa_test_21",
    "pupa_test_22",
    "pupa_test_23",
    "pupa_test_24",
    "pupa_test_25",
    "pupa_test_26",
    "pupa_test_27",
    "pupa_test_28",
    "pupa_test_29",
    "pupa_test_30",
    "pupa_test_31",
    "pupa_test_32",
    "pupa_test_33",
    "pupa_test_34",
    "pupa_test_35",
    "pupa_test_36",
    "pupa_test_37",
    "pupa_test_38",
    "pupa_test_39",
    "pupa_test_40",
    "pupa_test_41",
    "pupa_test_42",
    "pupa_test_43",
    "pupa_test_44",
    "pupa_test_45",
    "pupa_test_46",
    "pupa_test_47",
    "pupa_test_48",
    "pupa_test_49",
    "pupa_test_50",
    "pupa_test_51",
    "pupa_test_52",
    "pupa_test_53",
    "pupa_test_54",
    "pupa_test_55",
    "pupa_test_56",
    "pupa_test_57",
    "pupa_test_58",
    "pupa_test_59",
    "pupa_test_60",
    "pupa_test_61",
    "pupa_test_62",
    "pupa_test_63",
    "pupa_test_64",
    "pupa_test_65",
    "pupa_test_66",
    "pupa_test_67",
    "pupa_test_68",
    "pupa_test_69",
    "pupa_test_70",
    "pupa_test_71",
    "pupa_test_72",
    "pupa_test_73",
    "pupa_test_74",
    "pupa_test_75",
    "pupa_test_76",
    "pupa_test_77",
    "pupa_test_78",
    "pupa_test_79",
    "pupa_test_80",
    "pupa_test_81",
    "pupa_test_82",
    "pupa_test_83",
    "pupa_test_84",
    "pupa_test_85",
    "pupa_test_86",
    "pupa_test_87",
    "pupa_test_88",
    "pupa_test_89",
    "pupa_test_90",
    "pupa_test_91",
    "pupa_test_92",
    "pupa_test_93",
    "pupa_test_94"
  ],
  "score_per_1k_rollouts": 1.1976,
  "convergence_iteration": 0,
  "prompt_char_delta": 3445,
  "prompt_levenshtein_ratio": 0.0386,
  "prompt_word_count": 533,
  "task_error_count": 0,
  "reflection_error_count": 0,
  "val_score_trajectory": [
    [
      0,
      0.6059984803638054
    ],
    [
      1,
      0.5923529411764706
    ],
    [
      2,
      0.5923529411764706
    ],
    [
      5,
      0.5923529411764706
    ],
    [
      6,
      0.5024816944321588
    ]
  ],
  "rollout_trajectory": [
    [
      0,
      0
    ],
    [
      1,
      120
    ],
    [
      2,
      320
    ],
    [
      5,
      320
    ],
    [
      6,
      415
    ]
  ],
  "best_val_trajectory": [
    [
      0,
      0.6059984803638054
    ],
    [
      1,
      0.6059984803638054
    ],
    [
      2,
      0.6059984803638054
    ],
    [
      5,
      0.6059984803638054
    ],
    [
      6,
      0.6059984803638054
    ]
  ],
  "prompt_length_trajectory": [
    [
      0,
      220
    ],
    [
      120,
      2872
    ],
    [
      320,
      2872
    ],
    [
      320,
      3665
    ],
    [
      415,
      3665
    ]
  ],
  "stage_timings": [
    {
      "stage": "initial_generation",
      "seconds": 32.83,
      "rollouts_used": 0
    },
    {
      "stage": "ablation",
      "seconds": 915.11,
      "rollouts_used": 200
    },
    {
      "stage": "pruning",
      "seconds": 0.0,
      "rollouts_used": 0
    },
    {
      "stage": "strengthening",
      "seconds": 7.54,
      "rollouts_used": 0
    },
    {
      "stage": "final_eval",
      "seconds": 375.38,
      "rollouts_used": 95
    }
  ],
  "sections_tested": 4,
  "sections_pruned": 0,
  "sections_kept": 4,
  "per_section_ablation_scores": [
    {
      "section_idx": 0,
      "score_without": 0.4550197963800905,
      "score_delta": 0.12566647812971343
    },
    {
      "section_idx": 1,
      "score_without": 0.5343627450980393,
      "score_delta": 0.04632352941176465
    },
    {
      "section_idx": 2,
      "score_without": 0.5312745098039215,
      "score_delta": 0.04941176470588238
    },
    {
      "section_idx": 3,
      "score_without": 0.5271323529411764,
      "score_delta": 0.05355392156862748
    }
  ],
  "original_prompt_length": 2872,
  "final_prompt_length": 3665,
  "n_initial_prompts": 3,
  "best_initial_score": 0.5923529411764706,
  "train_score": 0.6279128672745694,
  "train_example_scores": [
    1.0,
    0.975,
    0.65,
    0.475,
    0.5,
    0.925,
    0.5,
    1.0,
    0.25,
    0.25,
    0.25,
    0.25,
    0.5,
    0.925,
    0.25,
    1.0,
    0.0,
    1.0,
    0.0,
    0.425,
    0.25,
    0.2833333333333333,
    1.0,
    0.5,
    0.4,
    0.95,
    1.0,
    0.0,
    0.975,
    1.0,
    0.75,
    0.9035714285714286,
    0.25,
    1.0,
    0.0,
    0.8,
    0.75,
    1.0,
    1.0,
    1.0,
    0.25,
    1.0,
    0.65,
    0.0,
    0.675,
    1.0,
    1.0
  ],
  "val_example_scores": [
    0.725,
    0.0,
    0.25,
    0.6661764705882353,
    0.925,
    0.725,
    0.8083333333333333,
    0.975,
    0.5,
    0.975,
    0.5,
    0.425,
    0.425,
    0.0,
    0.0,
    0.0,
    0.825,
    0.95,
    1.0,
    0.25,
    0.925,
    1.0,
    0.75,
    0.5,
    0.0,
    0.475,
    0.475,
    1.0,
    0.75,
    0.0,
    0.75,
    0.25,
    0.5,
    0.5,
    0.3,
    0.15,
    0.5,
    0.975,
    1.0,
    0.25,
    0.25,
    0.425,
    0.25,
    1.0,
    0.5,
    0.45,
    0.5833333333333334,
    0.975,
    0.4166666666666667,
    0.5833333333333334,
    0.925,
    1.0,
    0.425,
    0.25,
    0.25,
    0.25,
    0.75,
    0.25,
    0.75,
    0.25,
    0.975,
    0.0,
    0.0,
    0.4166666666666667,
    0.925,
    0.425,
    1.0,
    0.975,
    0.425,
    0.5,
    0.475,
    0.425,
    0.7833333333333334,
    0.9035714285714286,
    0.475,
    0.0,
    0.75,
    0.0,
    0.5,
    0.25,
    0.25,
    0.25,
    0.475,
    0.0,
    0.8638888888888889,
    0.5,
    0.25,
    0.25,
    0.6416666666666666,
    0.325,
    0.55,
    0.925,
    0.975,
    0.0,
    0.0
  ],