{
  "rollout_count": 1094,
  "reflection_call_count": 4,
  "wall_clock_seconds": 7911.93,
  "total_tokens": 1091507,
  "task_input_tokens": 854611,
  "task_output_tokens": 232537,
  "reflection_input_tokens": 382,
  "reflection_output_tokens": 3977,
  "test_score": 0.5052175894281158,
  "model": "openai/Qwen/Qwen3-1.7B",
  "model_tag": "qwen3-1.7b",
  "benchmark": "pupa",
  "seed": 789,
  "method": "tournament",
  "val_score": 0.47165449445635205,
  "prompt_length_chars": 316,
  "prompt_length_tokens": 79,
  "test_example_scores": [
    0.5,
    0.5,
    0.5,
    0.5,
    0.5,
    0.5,
    0.5,
    0.5,
    1.0,
    0.5,
    0.5,
    0.5,
    0.8333333333333334,
    0.5,
    0.5,
    0.5,
    0.5,
    0.5,
    0.5,
    0.5,
    0.0,
    0.8333333333333334,
    0.5,
    0.5,
    0.5,
    0.09090909090909088,
    0.0,
    0.5,
    0.5,
    0.5,
    0.5,
    0.5,
    0.5,
    0.5,
    0.5,
    0.375,
    0.5714285714285714,
    0.5,
    0.75,
    0.5,
    0.5,
    0.5,
    0.5,
    0.5,
    0.5,
    0.5,
    0.5,
    0.6666666666666667,
    1.0,
    1.0,
    0.5,
    0.5,
    0.5,
    0.5,
    0.0,
    0.16666666666666669,
    0.5,
    0.5,
    0.5,
    0.5,
    0.5,
    0.5,
    0.5,
    0.5,
    0.5,
    0.5,
    0.5,
    0.5,
    0.33333333333333337,
    1.0,
    0.5,
    0.5,
    0.5,
    0.5,
    0.5,
    0.5,
    0.5,
    0.5,
    0.5,
    0.5,
    0.0,
    0.75,
    0.5,
    0.8333333333333334,
    0.5,
    0.0,
    1.0,
    0.5,
    0.5,
    0.625,
    0.5,
    0.0,
    0.5,
    0.6666666666666667,
    0.5
  ],
  "test_example_ids": [
    "pupa_test_0",
    "pupa_test_1",
    "pupa_test_2",
    "pupa_test_3",
    "pupa_test_4",
    "pupa_test_5",
    "pupa_test_6",
    "pupa_test_7",
    "pupa_test_8",
    "pupa_test_9",
    "pupa_test_10",
    "pupa_test_11",
    "pupa_test_12",
    "pupa_test_13",
    "pupa_test_14",
    "pupa_test_15",
    "pupa_test_16",
    "pupa_test_17",
    "pupa_test_18",
    "pupa_test_19",
    "pupa_test_20",
    "pupa_test_21",
    "pupa_test_22",
    "pupa_test_23",
    "pupa_test_24",
    "pupa_test_25",
    "pupa_test_26",
    "pupa_test_27",
    "pupa_test_28",
    "pupa_test_29",
    "pupa_test_30",
    "pupa_test_31",
    "pupa_test_32",
    "pupa_test_33",
    "pupa_test_34",
    "pupa_test_35",
    "pupa_test_36",
    "pupa_test_37",
    "pupa_test_38",
    "pupa_test_39",
    "pupa_test_40",
    "pupa_test_41",
    "pupa_test_42",
    "pupa_test_43",
    "pupa_test_44",
    "pupa_test_45",
    "pupa_test_46",
    "pupa_test_47",
    "pupa_test_48",
    "pupa_test_49",
    "pupa_test_50",
    "pupa_test_51",
    "pupa_test_52",
    "pupa_test_53",
    "pupa_test_54",
    "pupa_test_55",
    "pupa_test_56",
    "pupa_test_57",
    "pupa_test_58",
    "pupa_test_59",
    "pupa_test_60",
    "pupa_test_61",
    "pupa_test_62",
    "pupa_test_63",
    "pupa_test_64",
    "pupa_test_65",
    "pupa_test_66",
    "pupa_test_67",
    "pupa_test_68",
    "pupa_test_69",
    "pupa_test_70",
    "pupa_test_71",
    "pupa_test_72",
    "pupa_test_73",
    "pupa_test_74",
    "pupa_test_75",
    "pupa_test_76",
    "pupa_test_77",
    "pupa_test_78",
    "pupa_test_79",
    "pupa_test_80",
    "pupa_test_81",
    "pupa_test_82",
    "pupa_test_83",
    "pupa_test_84",
    "pupa_test_85",
    "pupa_test_86",
    "pupa_test_87",
    "pupa_test_88",
    "pupa_test_89",
    "pupa_test_90",
    "pupa_test_91",
    "pupa_test_92",
    "pupa_test_93",
    "pupa_test_94"
  ],
  "score_per_1k_rollouts": 0.4618,
  "convergence_iteration": 1,
  "val_score_trajectory": [
    [
      1,
      0.47165449445635205
    ]
  ],
  "rollout_trajectory": [
    [
      1,
      1094
    ]
  ],
  "best_val_trajectory": [
    [
      1,
      0.47165449445635205
    ]
  ],
  "pool_size": 64,
  "rounds": 6,
  "matchup_results": [
    {
      "round": 0,
      "match_idx": 0,
      "winner_idx": 0,
      "loser_idx": 1,
      "winner_score": 0.3166666666666667,
      "loser_score": 0.3166666666666667,
      "n_examples": 5
    },
    {
      "round": 0,
      "match_idx": 1,
      "winner_idx": 2,
      "loser_idx": 3,
      "winner_score": 0.24285714285714288,
      "loser_score": 0.24285714285714288,
      "n_examples": 5
    },
    {
      "round": 0,
      "match_idx": 2,
      "winner_idx": 4,
      "loser_idx": 5,
      "winner_score": 0.545,
      "loser_score": 0.375,
      "n_examples": 5
    },
    {
      "round": 0,
      "match_idx": 3,
      "winner_idx": 6,
      "loser_idx": 7,
      "winner_score": 0.35,
      "loser_score": 0.35,
      "n_examples": 5
    },
    {
      "round": 0,
      "match_idx": 4,
      "winner_idx": 8,
      "loser_idx": 9,
      "winner_score": 0.34285714285714286,
      "loser_score": 0.24285714285714288,
      "n_examples": 5
    },
    {
      "round": 0,
      "match_idx": 5,
      "winner_idx": 11,
      "loser_idx": 10,
      "winner_score": 0.375,
      "loser_score": 0.3,
      "n_examples": 5
    },
    {
      "round": 0,
      "match_idx": 6,
      "winner_idx": 12,
      "loser_idx": 13,
      "winner_score": 0.33571428571428574,
      "loser_score": 0.24285714285714288,
      "n_examples": 5
    },
    {
      "round": 0,
      "match_idx": 7,
      "winner_idx": 14,
      "loser_idx": 15,
      "winner_score": 0.12,
      "loser_score": 0.12,
      "n_examples": 5
    },
    {
      "round": 0,
      "match_idx": 8,
      "winner_idx": 17,
      "loser_idx": 16,
      "winner_score": 0.5033333333333333,
      "loser_score": 0.23333333333333334,
      "n_examples": 5
    },
    {
      "round": 0,
      "match_idx": 9,
      "winner_idx": 18,
      "loser_idx": 19,
      "winner_score": 0.16666666666666669,
      "loser_score": 0.16666666666666669,
      "n_examples": 5
    },
    {
      "round": 0,
      "match_idx": 10,
      "winner_idx": 20,
      "loser_idx": 21,
      "winner_score": 0.55,
      "loser_score": 0.45,
      "n_examples": 5
    },
    {
      "round": 0,
      "match_idx": 11,
      "winner_idx": 23,
      "loser_idx": 22,
      "winner_score": 0.4428571428571429,
      "loser_score": 0.19285714285714287,
      "n_examples": 5
    },
    {
      "round": 0,
      "match_idx": 12,
      "winner_idx": 25,
      "loser_idx": 24,
      "winner_score": 0.6178571428571429,
      "loser_score": 0.34285714285714286,
      "n_examples": 5
    },
    {
      "round": 0,
      "match_idx": 13,
      "winner_idx": 27,
      "loser_idx": 26,
      "winner_score": 0.5666666666666667,
      "loser_score": 0.3666666666666667,
      "n_examples": 5
    },
    {
      "round": 0,
      "match_idx": 14,
      "winner_idx": 29,
      "loser_idx": 28,
      "winner_score": 0.6428571428571429,
      "loser_score": 0.4428571428571429,
      "n_examples": 5
    },
    {
      "round": 0,
      "match_idx": 15,
      "winner_idx": 30,
      "loser_idx": 31,
      "winner_score": 0.4666666666666667,
      "loser_score": 0.35333333333333333,
      "n_examples": 5
    },
    {
      "round": 0,
      "match_idx": 16,
      "winner_idx": 32,
      "loser_idx": 33,
      "winner_score": 0.45,
      "loser_score": 0.35,
      "n_examples": 5
    },
    {
      "round": 0,
      "match_idx": 17,
      "winner_idx": 35,
      "loser_idx": 34,
      "winner_score": 0.47619047619047616,
      "loser_score": 0.23333333333333334,
      "n_examples": 5
    },
    {
      "round": 0,
      "match_idx": 18,
      "winner_idx": 37,
      "loser_idx": 36,
      "winner_score": 0.35,
      "loser_score": 0.3,
      "n_examples": 5
    },
    {
      "round": 0,
      "match_idx": 19,
      "winner_idx": 38,
      "loser_idx": 39,
      "winner_score": 0.23333333333333334,
      "loser_score": 0.23333333333333334,
      "n_examples": 5
    },
    {
      "round": 0,
      "match_idx": 20,
      "winner_idx": 40,
      "loser_idx": 41,
      "winner_score": 0.5,
      "loser_score": 0.13999999999999999,
      "n_examples": 5
    },
    {
      "round": 0,
      "match_idx": 21,
      "winner_idx": 43,