{
  "rollout_count": 1094,
  "reflection_call_count": 4,
  "wall_clock_seconds": 7181.62,
  "total_tokens": 1073112,
  "task_input_tokens": 833907,
  "task_output_tokens": 235244,
  "reflection_input_tokens": 382,
  "reflection_output_tokens": 3579,
  "test_score": 0.5312808536492747,
  "model": "openai/Qwen/Qwen3-1.7B",
  "model_tag": "qwen3-1.7b",
  "benchmark": "pupa",
  "seed": 456,
  "method": "tournament",
  "val_score": 0.5008959805244635,
  "prompt_length_chars": 317,
  "prompt_length_tokens": 79,
  "test_example_scores": [
    0.5,
    0.5,
    0.5,
    0.5,
    0.5,
    0.5,
    0.5,
    0.75,
    0.5,
    0.5,
    0.0,
    1.0,
    0.6666666666666667,
    0.5,
    0.5,
    0.5,
    1.0,
    1.0,
    0.5,
    0.0,
    0.5,
    0.8333333333333334,
    1.0,
    0.5,
    0.5,
    0.13636363636363635,
    0.0,
    0.5,
    1.0,
    0.5,
    0.5,
    0.5,
    0.5,
    0.5,
    0.5,
    0.5,
    0.5714285714285714,
    0.5,
    0.75,
    0.5,
    0.0,
    0.5,
    0.5,
    0.5,
    0.5,
    1.0,
    0.5,
    0.5,
    1.0,
    0.0,
    0.0,
    0.5,
    0.6666666666666667,
    0.5,
    0.5,
    0.08333333333333331,
    0.5,
    0.5,
    0.5,
    0.5,
    0.5,
    1.0,
    0.5,
    1.0,
    0.625,
    0.5,
    0.5,
    0.5,
    0.4583333333333333,
    0.7222222222222222,
    0.5,
    0.5,
    0.5,
    0.5,
    0.5,
    0.5,
    0.5,
    0.5,
    0.5,
    0.5,
    0.5,
    0.625,
    0.0,
    0.8333333333333334,
    0.5,
    0.5,
    0.5,
    0.5,
    1.0,
    0.75,
    0.5,
    0.5,
    0.5,
    0.5,
    0.5
  ],
  "test_example_ids": [
    "pupa_test_0",
    "pupa_test_1",
    "pupa_test_2",
    "pupa_test_3",
    "pupa_test_4",
    "pupa_test_5",
    "pupa_test_6",
    "pupa_test_7",
    "pupa_test_8",
    "pupa_test_9",
    "pupa_test_10",
    "pupa_test_11",
    "pupa_test_12",
    "pupa_test_13",
    "pupa_test_14",
    "pupa_test_15",
    "pupa_test_16",
    "pupa_test_17",
    "pupa_test_18",
    "pupa_test_19",
    "pupa_test_20",
    "pupa_test_21",
    "pupa_test_22",
    "pupa_test_23",
    "pupa_test_24",
    "pupa_test_25",
    "pupa_test_26",
    "pupa_test_27",
    "pupa_test_28",
    "pupa_test_29",
    "pupa_test_30",
    "pupa_test_31",
    "pupa_test_32",
    "pupa_test_33",
    "pupa_test_34",
    "pupa_test_35",
    "pupa_test_36",
    "pupa_test_37",
    "pupa_test_38",
    "pupa_test_39",
    "pupa_test_40",
    "pupa_test_41",
    "pupa_test_42",
    "pupa_test_43",
    "pupa_test_44",
    "pupa_test_45",
    "pupa_test_46",
    "pupa_test_47",
    "pupa_test_48",
    "pupa_test_49",
    "pupa_test_50",
    "pupa_test_51",
    "pupa_test_52",
    "pupa_test_53",
    "pupa_test_54",
    "pupa_test_55",
    "pupa_test_56",
    "pupa_test_57",
    "pupa_test_58",
    "pupa_test_59",
    "pupa_test_60",
    "pupa_test_61",
    "pupa_test_62",
    "pupa_test_63",
    "pupa_test_64",
    "pupa_test_65",
    "pupa_test_66",
    "pupa_test_67",
    "pupa_test_68",
    "pupa_test_69",
    "pupa_test_70",
    "pupa_test_71",
    "pupa_test_72",
    "pupa_test_73",
    "pupa_test_74",
    "pupa_test_75",
    "pupa_test_76",
    "pupa_test_77",
    "pupa_test_78",
    "pupa_test_79",
    "pupa_test_80",
    "pupa_test_81",
    "pupa_test_82",
    "pupa_test_83",
    "pupa_test_84",
    "pupa_test_85",
    "pupa_test_86",
    "pupa_test_87",
    "pupa_test_88",
    "pupa_test_89",
    "pupa_test_90",
    "pupa_test_91",
    "pupa_test_92",
    "pupa_test_93",
    "pupa_test_94"
  ],
  "score_per_1k_rollouts": 0.4856,
  "convergence_iteration": 1,
  "val_score_trajectory": [
    [
      1,
      0.5008959805244635
    ]
  ],
  "rollout_trajectory": [
    [
      1,
      1094
    ]
  ],
  "best_val_trajectory": [
    [
      1,
      0.5008959805244635
    ]
  ],
  "pool_size": 64,
  "rounds": 6,
  "matchup_results": [
    {
      "round": 0,
      "match_idx": 0,
      "winner_idx": 1,
      "loser_idx": 0,
      "winner_score": 0.55,
      "loser_score": 0.37,
      "n_examples": 5
    },
    {
      "round": 0,
      "match_idx": 1,
      "winner_idx": 2,
      "loser_idx": 3,
      "winner_score": 0.5,
      "loser_score": 0.2,
      "n_examples": 5
    },
    {
      "round": 0,
      "match_idx": 2,
      "winner_idx": 5,
      "loser_idx": 4,
      "winner_score": 0.33333333333333337,
      "loser_score": 0.3,
      "n_examples": 5
    },
    {
      "round": 0,
      "match_idx": 3,
      "winner_idx": 6,
      "loser_idx": 7,
      "winner_score": 0.5333333333333334,
      "loser_score": 0.4333333333333334,
      "n_examples": 5
    },
    {
      "round": 0,
      "match_idx": 4,
      "winner_idx": 8,
      "loser_idx": 9,
      "winner_score": 0.3,
      "loser_score": 0.25,
      "n_examples": 5
    },
    {
      "round": 0,
      "match_idx": 5,
      "winner_idx": 11,
      "loser_idx": 10,
      "winner_score": 0.5733333333333334,
      "loser_score": 0.33999999999999997,
      "n_examples": 5
    },
    {
      "round": 0,
      "match_idx": 6,
      "winner_idx": 13,
      "loser_idx": 12,
      "winner_score": 0.54,
      "loser_score": 0.2,
      "n_examples": 5
    },
    {
      "round": 0,
      "match_idx": 7,
      "winner_idx": 14,
      "loser_idx": 15,
      "winner_score": 0.3666666666666667,
      "loser_score": 0.2833333333333333,
      "n_examples": 5
    },
    {
      "round": 0,
      "match_idx": 8,
      "winner_idx": 16,
      "loser_idx": 17,
      "winner_score": 0.4916666666666666,
      "loser_score": 0.31666666666666665,
      "n_examples": 5
    },
    {
      "round": 0,
      "match_idx": 9,
      "winner_idx": 18,
      "loser_idx": 19,
      "winner_score": 0.4428571428571429,
      "loser_score": 0.16785714285714287,
      "n_examples": 5
    },
    {
      "round": 0,
      "match_idx": 10,
      "winner_idx": 21,
      "loser_idx": 20,
      "winner_score": 0.6583333333333334,
      "loser_score": 0.5666666666666667,
      "n_examples": 5
    },
    {
      "round": 0,
      "match_idx": 11,
      "winner_idx": 22,
      "loser_idx": 23,
      "winner_score": 0.325,
      "loser_score": 0.325,
      "n_examples": 5
    },
    {
      "round": 0,
      "match_idx": 12,
      "winner_idx": 25,
      "loser_idx": 24,
      "winner_score": 0.47000000000000003,
      "loser_score": 0.445,
      "n_examples": 5
    },
    {
      "round": 0,
      "match_idx": 13,
      "winner_idx": 27,
      "loser_idx": 26,
      "winner_score": 0.25,
      "loser_score": 0.2,
      "n_examples": 5
    },
    {
      "round": 0,
      "match_idx": 14,
      "winner_idx": 29,
      "loser_idx": 28,
      "winner_score": 0.37,
      "loser_score": 0.29500000000000004,
      "n_examples": 5
    },
    {
      "round": 0,
      "match_idx": 15,
      "winner_idx": 31,
      "loser_idx": 30,
      "winner_score": 0.6,
      "loser_score": 0.4,
      "n_examples": 5
    },
    {
      "round": 0,
      "match_idx": 16,
      "winner_idx": 32,
      "loser_idx": 33,
      "winner_score": 0.4,
      "loser_score": 0.0,
      "n_examples": 5
    },
    {
      "round": 0,
      "match_idx": 17,
      "winner_idx": 35,
      "loser_idx": 34,
      "winner_score": 0.6950000000000001,
      "loser_score": 0.32,
      "n_examples": 5
    },
    {
      "round": 0,
      "match_idx": 18,
      "winner_idx": 36,
      "loser_idx": 37,
      "winner_score": 0.24285714285714288,
      "loser_score": 0.14285714285714285,
      "n_examples": 5
    },
    {
      "round": 0,
      "match_idx": 19,
      "winner_idx": 38,
      "loser_idx": 39,
      "winner_score": 0.5107142857142858,
      "loser_score": 0.1392857142857143,
      "n_examples": 5
    },
    {
      "round": 0,
      "match_idx": 20,
      "winner_idx": 41,
      "loser_idx": 40,
      "winner_score": 0.47333333333333333,
      "loser_score": 0.33333333333333337,
      "n_examples": 5
    },
    {
      "round": 0,
      "match_idx": 21,
      "winner_idx": 42,
      "loser_idx": 43,
      "winner_score": 0.4,
      "loser_score": 0.3,