{
  "rollout_count": 455,
  "reflection_call_count": 5,
  "wall_clock_seconds": 2510.05,
  "total_tokens": 818576,
  "task_input_tokens": 717534,
  "task_output_tokens": 96392,
  "reflection_input_tokens": 2425,
  "reflection_output_tokens": 2225,
  "test_score": 0.7469579251158198,
  "model": "",
  "model_tag": "",
  "benchmark": "",
  "seed": -1,
  "method": "",
  "val_score": 0.7501833769945224,
  "prompt_length_chars": 2067,
  "prompt_length_tokens": 516,
  "test_example_scores": [
    0.8,
    0.8,
    0.875,
    0.825,
    0.75,
    1.0,
    0.5,
    0.3,
    0.75,
    0.25,
    0.25,
    0.75,
    0.8,
    0.925,
    0.5,
    0.25,
    0.875,
    0.75,
    0.675,
    1.0,
    1.0,
    0.825,
    0.8,
    0.975,
    0.75,
    0.6022727272727273,
    1.0,
    0.25,
    0.75,
    0.3,
    1.0,
    0.375,
    0.25,
    0.4666666666666667,
    1.0,
    1.0,
    0.75,
    0.925,
    0.75,
    0.425,
    0.25,
    0.8,
    0.75,
    1.0,
    0.6392857142857142,
    0.25,
    0.75,
    0.825,
    1.0,
    1.0,
    0.325,
    0.3,
    0.925,
    1.0,
    0.425,
    0.3833333333333333,
    0.975,
    1.0,
    0.8,
    1.0,
    1.0,
    0.975,
    1.0,
    0.875,
    0.5,
    1.0,
    0.75,
    0.825,
    0.825,
    0.6944444444444444,
    1.0,
    0.925,
    1.0,
    0.25,
    0.975,
    0.75,
    0.75,
    1.0,
    0.875,
    0.8,
    1.0,
    0.575,
    1.0,
    1.0,
    1.0,
    0.55,
    0.25,
    0.975,
    1.0,
    0.625,
    1.0,
    0.25,
    0.875,
    0.875,
    1.0
  ],
  "test_example_ids": [
    "pupa_test_0",
    "pupa_test_1",
    "pupa_test_2",
    "pupa_test_3",
    "pupa_test_4",
    "pupa_test_5",
    "pupa_test_6",
    "pupa_test_7",
    "pupa_test_8",
    "pupa_test_9",
    "pupa_test_10",
    "pupa_test_11",
    "pupa_test_12",
    "pupa_test_13",
    "pupa_test_14",
    "pupa_test_15",
    "pupa_test_16",
    "pupa_test_17",
    "pupa_test_18",
    "pupa_test_19",
    "pupa_test_20",
    "pupa_test_21",
    "pupa_test_22",
    "pupa_test_23",
    "pupa_test_24",
    "pupa_test_25",
    "pupa_test_26",
    "pupa_test_27",
    "pupa_test_28",
    "pupa_test_29",
    "pupa_test_30",
    "pupa_test_31",
    "pupa_test_32",
    "pupa_test_33",
    "pupa_test_34",
    "pupa_test_35",
    "pupa_test_36",
    "pupa_test_37",
    "pupa_test_38",
    "pupa_test_39",
    "pupa_test_40",
    "pupa_test_41",
    "pupa_test_42",
    "pupa_test_43",
    "pupa_test_44",
    "pupa_test_45",
    "pupa_test_46",
    "pupa_test_47",
    "pupa_test_48",
    "pupa_test_49",
    "pupa_test_50",
    "pupa_test_51",
    "pupa_test_52",
    "pupa_test_53",
    "pupa_test_54",
    "pupa_test_55",
    "pupa_test_56",
    "pupa_test_57",
    "pupa_test_58",
    "pupa_test_59",
    "pupa_test_60",
    "pupa_test_61",
    "pupa_test_62",
    "pupa_test_63",
    "pupa_test_64",
    "pupa_test_65",
    "pupa_test_66",
    "pupa_test_67",
    "pupa_test_68",
    "pupa_test_69",
    "pupa_test_70",
    "pupa_test_71",
    "pupa_test_72",
    "pupa_test_73",
    "pupa_test_74",
    "pupa_test_75",
    "pupa_test_76",
    "pupa_test_77",
    "pupa_test_78",
    "pupa_test_79",
    "pupa_test_80",
    "pupa_test_81",
    "pupa_test_82",
    "pupa_test_83",
    "pupa_test_84",
    "pupa_test_85",
    "pupa_test_86",
    "pupa_test_87",
    "pupa_test_88",
    "pupa_test_89",
    "pupa_test_90",
    "pupa_test_91",
    "pupa_test_92",
    "pupa_test_93",
    "pupa_test_94"
  ],
  "score_per_1k_rollouts": 1.6417,
  "convergence_iteration": 1,
  "val_score_trajectory": [
    [
      1,
      0.7501833769945224
    ]
  ],
  "rollout_trajectory": [
    [
      1,
      455
    ]
  ],
  "best_val_trajectory": [
    [
      1,
      0.7501833769945224
    ]
  ],
  "sections_tested": 4,
  "sections_pruned": 2,
  "sections_kept": 2,
  "per_section_ablation_scores": [
    {
      "section_idx": 0,
      "score_without": 0.6782023001508295,
      "score_delta": 0.06626018099547526
    },
    {
      "section_idx": 1,
      "score_without": 0.7559624811463046,
      "score_delta": -0.011499999999999844
    },
    {
      "section_idx": 2,
      "score_without": 0.6812990196078432,
      "score_delta": 0.06316346153846153
    },
    {
      "section_idx": 3,
      "score_without": 0.7397124811463047,
      "score_delta": 0.004750000000000032
    }
  ],
  "original_prompt_length": 2857,
  "final_prompt_length": 2067,
  "n_initial_prompts": 3,
  "best_initial_score": 0.7508521870286576
}