{
  "benchmark": "pupa",
  "method": "baseline",
  "seed": 789,
  "test_score": 0.3423274094326726,
  "val_score": 0.2780824610545973,
  "train_score": 0.29551671732522794,
  "best_prompt": {
    "system_prompt": "Rewrite the user's query to remove all personally identifiable information (PII) such as names, addresses, phone numbers, and emails. Replace PII with generic placeholders while preserving the query's meaning and intent."
  },
  "rollout_count": 0,
  "wall_clock_seconds": 83.97764897346497,
  "num_candidates": 0,
  "test_example_scores": [
    0.5,
    0.5,
    0.0,
    0.07142857142857145,
    0.5,
    0.5,
    0.25,
    0.5,
    1.0,
    0.5,
    0.5,
    0.5,
    0.6666666666666667,
    0.5,
    0.5,
    0.5,
    0.5,
    0.5,
    0.0,
    0.0,
    0.5,
    0.33333333333333337,
    0.375,
    0.5,
    0.5,
    0.18181818181818182,
    0.0,
    0.5,
    0.0,
    0.5,
    0.0,
    0.5,
    0.5,
    0.5,
    0.0,
    0.25,
    0.6428571428571428,
    1.0,
    0.25,
    0.0,
    0.0,
    0.5,
    0.5,
    0.5,
    0.5,
    0.5,
    0.5,
    0.0,
    0.5,
    0.0,
    0.0,
    0.5,
    0.5,
    0.5,
    0.0,
    0.25,
    0.0,
    0.0,
    0.6666666666666667,
    0.0,
    0.5,
    1.0,
    0.0,
    1.0,
    0.625,
    0.5,
    0.5,
    0.5,
    0.25,
    0.0,
    0.0,
    0.5,
    0.0,
    0.5,
    0.0,
    0.0,
    0.0,
    0.0,
    0.75,
    0.0,
    0.0,
    0.125,
    0.5,
    0.33333333333333337,
    0.0,
    0.75,
    0.5,
    0.0,
    1.0,
    0.75,
    0.0,
    0.0,
    0.5,
    0.0,
    0.0
  ],
  "test_example_ids": [
    "pupa_test_0",
    "pupa_test_1",
    "pupa_test_2",
    "pupa_test_3",
    "pupa_test_4",
    "pupa_test_5",
    "pupa_test_6",
    "pupa_test_7",
    "pupa_test_8",
    "pupa_test_9",
    "pupa_test_10",
    "pupa_test_11",
    "pupa_test_12",
    "pupa_test_13",
    "pupa_test_14",
    "pupa_test_15",
    "pupa_test_16",
    "pupa_test_17",
    "pupa_test_18",
    "pupa_test_19",
    "pupa_test_20",
    "pupa_test_21",
    "pupa_test_22",
    "pupa_test_23",
    "pupa_test_24",
    "pupa_test_25",
    "pupa_test_26",
    "pupa_test_27",
    "pupa_test_28",
    "pupa_test_29",
    "pupa_test_30",
    "pupa_test_31",
    "pupa_test_32",
    "pupa_test_33",
    "pupa_test_34",
    "pupa_test_35",
    "pupa_test_36",
    "pupa_test_37",
    "pupa_test_38",
    "pupa_test_39",
    "pupa_test_40",
    "pupa_test_41",
    "pupa_test_42",
    "pupa_test_43",
    "pupa_test_44",
    "pupa_test_45",
    "pupa_test_46",
    "pupa_test_47",
    "pupa_test_48",
    "pupa_test_49",
    "pupa_test_50",
    "pupa_test_51",
    "pupa_test_52",
    "pupa_test_53",
    "pupa_test_54",
    "pupa_test_55",
    "pupa_test_56",
    "pupa_test_57",
    "pupa_test_58",
    "pupa_test_59",
    "pupa_test_60",
    "pupa_test_61",
    "pupa_test_62",
    "pupa_test_63",
    "pupa_test_64",
    "pupa_test_65",
    "pupa_test_66",
    "pupa_test_67",
    "pupa_test_68",
    "pupa_test_69",
    "pupa_test_70",
    "pupa_test_71",
    "pupa_test_72",
    "pupa_test_73",
    "pupa_test_74",
    "pupa_test_75",
    "pupa_test_76",
    "pupa_test_77",
    "pupa_test_78",
    "pupa_test_79",
    "pupa_test_80",
    "pupa_test_81",
    "pupa_test_82",
    "pupa_test_83",
    "pupa_test_84",
    "pupa_test_85",
    "pupa_test_86",
    "pupa_test_87",
    "pupa_test_88",
    "pupa_test_89",
    "pupa_test_90",
    "pupa_test_91",
    "pupa_test_92",
    "pupa_test_93",
    "pupa_test_94"
  ],
  "train_example_scores": [
    0.5,
    0.0,
    0.5,
    0.5,
    0.625,
    0.5,
    0.5,
    0.5,
    0.33333333333333337,
    0.0,
    0.0,
    0.2,
    0.25,
    0.0,
    0.0,
    0.0,
    0.0,
    0.8333333333333334,
    0.5,
    1.0,
    1.0,
    0.08333333333333331,
    0.5,
    0.5,
    0.0,
    0.5,
    0.0,
    0.0,
    0.5,
    0.0,
    0.5,
    0.2142857142857143,
    0.0,
    0.0,
    0.0,
    0.09999999999999998,
    0.5,
    0.5,
    0.0,
    0.5,
    0.5,
    0.0,
    0.0,
    0.5,
    0.0,
    0.5,
    0.25
  ],
  "val_example_scores": [
    0.25,
    0.0,
    0.5,
    0.23529411764705882,
    0.5,
    0.25,
    0.0,
    0.5,
    0.5,
    0.2,
    0.5,
    0.0,
    1.0,
    0.0,
    0.33333333333333337,
    0.0,
    0.0,
    0.5,
    0.5,
    0.0,
    1.0,
    0.5,
    0.5,
    0.5,
    0.5,
    0.0,
    1.0,
    0.0,
    0.5,
    0.0,
    0.5,
    0.0,
    0.0,
    0.0,
    0.5,
    0.0,
    0.0,
    0.5,
    1.0,
    0.5,
    0.5,
    0.5,
    0.0,
    0.0,
    0.0,
    0.25,
    0.16666666666666669,
    0.6,
    0.5,
    0.8333333333333334,
    0.5,
    0.0,
    0.16666666666666669,
    0.5,
    0.5,
    0.0,
    0.5,
    0.0,
    0.5,
    0.0,
    0.25,
    0.0,
    0.0,
    0.0,
    0.5,
    0.5,
    0.0,
    0.6,
    0.0,
    0.5,
    0.0,
    0.0,
    0.5,
    0.07142857142857145,
    0.0,
    0.0,
    0.25,
    0.5,
    0.5,
    0.5,
    0.0,
    0.5,
    0.0,
    0.0,
    0.3611111111111111,
    0.5,
    0.5,
    0.0,
    0.0,
    0.0,
    0.09999999999999998,
    0.5,
    0.0,
    0.0,
    0.0
  ],
  "val_example_ids": [
    "pupa_val_0",
    "pupa_val_1",
    "pupa_val_2",
    "pupa_val_3",
    "pupa_val_4",
    "pupa_val_5",
    "pupa_val_6",
    "pupa_val_7",
    "pupa_val_8",
    "pupa_val_9",
    "pupa_val_10",
    "pupa_val_11",
    "pupa_val_12",
    "pupa_val_13",
    "pupa_val_14",
    "pupa_val_15",
    "pupa_val_16",
    "pupa_val_17",
    "pupa_val_18",
    "pupa_val_19",
    "pupa_val_20",
    "pupa_val_21",
    "pupa_val_22",
    "pupa_val_23",
    "pupa_val_24",
    "pupa_val_25",
    "pupa_val_26",
    "pupa_val_27",
    "pupa_val_28",
    "pupa_val_29",
    "pupa_val_30",
    "pupa_val_31",
    "pupa_val_32",
    "pupa_val_33",
    "pupa_val_34",
    "pupa_val_35",
    "pupa_val_36",
    "pupa_val_37",
    "pupa_val_38",
    "pupa_val_39",
    "pupa_val_40",
    "pupa_val_41",
    "pupa_val_42",
    "pupa_val_43",
    "pupa_val_44",
    "pupa_val_45",
    "pupa_val_46",
    "pupa_val_47",
    "pupa_val_48",
    "pupa_val_49",
    "pupa_val_50",
    "pupa_val_51",
    "pupa_val_52",
    "pupa_val_53",
    "pupa_val_54",
    "pupa_val_55",
    "pupa_val_56",
    "pupa_val_57",
    "pupa_val_58",
    "pupa_val_59",
    "pupa_val_60",
    "pupa_val_61",
    "pupa_val_62",
    "pupa_val_63",
    "pupa_val_64",
    "pupa_val_65",
    "pupa_val_66",
    "pupa_val_67",
    "pupa_val_68",
    "pupa_val_69",
    "pupa_val_70",
    "pupa_val_71",
    "pupa_val_72",
    "pupa_val_73",
    "pupa_val_74",
    "pupa_val_75",
    "pupa_val_76",
    "pupa_val_77",
    "pupa_val_78",
    "pupa_val_79",
    "pupa_val_80",
    "pupa_val_81",
    "pupa_val_82",
    "pupa_val_83",
    "pupa_val_84",
    "pupa_val_85",
    "pupa_val_86",
    "pupa_val_87",
    "pupa_val_88",
    "pupa_val_89",
    "pupa_val_90",
    "pupa_val_91",
    "pupa_val_92",
    "pupa_val_93",
    "pupa_val_94"
  ]
}