{
  "rollout_count": 415,
  "reflection_call_count": 7,
  "wall_clock_seconds": 2046.4,
  "total_tokens": 805496,
  "task_input_tokens": 705067,
  "task_output_tokens": 94821,
  "reflection_input_tokens": 3030,
  "reflection_output_tokens": 2578,
  "test_score": 0.5488664843928002,
  "model": "openrouter/Qwen/Qwen3-8B",
  "model_tag": "qwen3-8b",
  "benchmark": "pupa",
  "seed": 1024,
  "method": "synaptic_pruning",
  "val_score": 0.6066715809130669,
  "prompt_length_chars": 4215,
  "prompt_length_tokens": 1053,
  "test_example_scores": [
    0.25,
    0.25,
    0.925,
    0.975,
    0.7583333333333333,
    0.975,
    1.0,
    0.725,
    0.0,
    0.0,
    0.15,
    0.5,
    1.0,
    0.925,
    0.25,
    0.425,
    1.0,
    0.25,
    0.675,
    0.25,
    0.975,
    0.4166666666666667,
    0.975,
    0.425,
    0.25,
    0.6113636363636363,
    0.0,
    0.55,
    0.0,
    0.3,
    0.0,
    0.475,
    0.425,
    0.25,
    0.0,
    0.5,
    0.4642857142857143,
    0.925,
    0.55,
    0.425,
    0.925,
    0.25,
    0.425,
    1.0,
    0.425,
    0.0,
    1.0,
    0.3,
    0.0,
    0.25,
    0.0,
    0.425,
    0.475,
    1.0,
    0.425,
    0.5083333333333333,
    1.0,
    0.425,
    1.0,
    1.0,
    0.15,
    0.975,
    1.0,
    1.0,
    0.25,
    0.0,
    0.925,
    0.425,
    0.8833333333333333,
    0.25,
    0.95,
    0.5,
    1.0,
    0.425,
    1.0,
    0.0,
    0.0,
    1.0,
    0.25,
    0.3,
    0.0,
    0.95,
    1.0,
    0.975,
    0.925,
    0.425,
    0.25,
    1.0,
    1.0,
    0.375,
    0.5,
    0.425,
    0.425,
    0.975,
    1.0
  ],
  "test_example_ids": [
    "pupa_test_0",
    "pupa_test_1",
    "pupa_test_2",
    "pupa_test_3",
    "pupa_test_4",
    "pupa_test_5",
    "pupa_test_6",
    "pupa_test_7",
    "pupa_test_8",
    "pupa_test_9",
    "pupa_test_10",
    "pupa_test_11",
    "pupa_test_12",
    "pupa_test_13",
    "pupa_test_14",
    "pupa_test_15",
    "pupa_test_16",
    "pupa_test_17",
    "pupa_test_18",
    "pupa_test_19",
    "pupa_test_20",
    "pupa_test_21",
    "pupa_test_22",
    "pupa_test_23",
    "pupa_test_24",
    "pupa_test_25",
    "pupa_test_26",
    "pupa_test_27",
    "pupa_test_28",
    "pupa_test_29",
    "pupa_test_30",
    "pupa_test_31",
    "pupa_test_32",
    "pupa_test_33",
    "pupa_test_34",
    "pupa_test_35",
    "pupa_test_36",
    "pupa_test_37",
    "pupa_test_38",
    "pupa_test_39",
    "pupa_test_40",
    "pupa_test_41",
    "pupa_test_42",
    "pupa_test_43",
    "pupa_test_44",
    "pupa_test_45",
    "pupa_test_46",
    "pupa_test_47",
    "pupa_test_48",
    "pupa_test_49",
    "pupa_test_50",
    "pupa_test_51",
    "pupa_test_52",
    "pupa_test_53",
    "pupa_test_54",
    "pupa_test_55",
    "pupa_test_56",
    "pupa_test_57",
    "pupa_test_58",
    "pupa_test_59",
    "pupa_test_60",
    "pupa_test_61",
    "pupa_test_62",
    "pupa_test_63",
    "pupa_test_64",
    "pupa_test_65",
    "pupa_test_66",
    "pupa_test_67",
    "pupa_test_68",
    "pupa_test_69",
    "pupa_test_70",
    "pupa_test_71",
    "pupa_test_72",
    "pupa_test_73",
    "pupa_test_74",
    "pupa_test_75",
    "pupa_test_76",
    "pupa_test_77",
    "pupa_test_78",
    "pupa_test_79",
    "pupa_test_80",
    "pupa_test_81",
    "pupa_test_82",
    "pupa_test_83",
    "pupa_test_84",
    "pupa_test_85",
    "pupa_test_86",
    "pupa_test_87",
    "pupa_test_88",
    "pupa_test_89",
    "pupa_test_90",
    "pupa_test_91",
    "pupa_test_92",
    "pupa_test_93",
    "pupa_test_94"
  ],
  "score_per_1k_rollouts": 1.3226,
  "convergence_iteration": 6,
  "prompt_char_delta": 3995,
  "prompt_levenshtein_ratio": 0.0528,
  "prompt_word_count": 598,
  "task_error_count": 0,
  "reflection_error_count": 0,
  "val_score_trajectory": [
    [
      0,
      0.6005026896048568
    ],
    [
      1,
      0.5948774509803921
    ],
    [
      2,
      0.5948774509803921
    ],
    [
      5,
      0.5948774509803921
    ],
    [
      6,
      0.6066715809130669
    ]
  ],
  "rollout_trajectory": [
    [
      0,
      0
    ],
    [
      1,
      120
    ],
    [
      2,
      320
    ],
    [
      5,
      320
    ],
    [
      6,
      415
    ]
  ],
  "best_val_trajectory": [
    [
      0,
      0.6005026896048568
    ],
    [
      1,
      0.6005026896048568
    ],
    [
      2,
      0.6005026896048568
    ],
    [
      5,
      0.6005026896048568
    ],
    [
      6,
      0.6066715809130669
    ]
  ],
  "prompt_length_trajectory": [
    [
      0,
      220
    ],
    [
      120,
      2885
    ],
    [
      320,
      2885
    ],
    [
      320,
      4215
    ],
    [
      415,
      4215
    ]
  ],
  "stage_timings": [
    {
      "stage": "initial_generation",
      "seconds": 32.33,
      "rollouts_used": 0
    },
    {
      "stage": "ablation",
      "seconds": 887.67,
      "rollouts_used": 200
    },
    {
      "stage": "pruning",
      "seconds": 0.0,
      "rollouts_used": 0
    },
    {
      "stage": "strengthening",
      "seconds": 14.88,
      "rollouts_used": 0
    },
    {
      "stage": "final_eval",
      "seconds": 388.39,
      "rollouts_used": 95
    }
  ],
  "sections_tested": 4,
  "sections_pruned": 0,
  "sections_kept": 4,
  "per_section_ablation_scores": [
    {
      "section_idx": 0,
      "score_without": 0.4726300904977376,
      "score_delta": 0.170563725490196
    },
    {
      "section_idx": 1,
      "score_without": 0.475906862745098,
      "score_delta": 0.16728695324283555
    },
    {
      "section_idx": 2,
      "score_without": 0.5839460784313726,
      "score_delta": 0.059247737556560987
    },
    {
      "section_idx": 3,
      "score_without": 0.5694240196078432,
      "score_delta": 0.0737697963800904
    }
  ],
  "original_prompt_length": 2885,
  "final_prompt_length": 4215,
  "n_initial_prompts": 3,
  "best_initial_score": 0.5948774509803921,
  "train_score": 0.7254305977710233,
  "train_example_scores": [
    1.0,
    0.975,
    0.75,
    0.475,
    1.0,
    1.0,
    1.0,
    1.0,
    0.25,
    0.0,
    0.25,
    0.25,
    1.0,
    0.925,
    0.0,
    1.0,
    0.15,
    1.0,
    0.0,
    0.25,
    1.0,
    0.8416666666666667,
    1.0,
    0.5,
    0.925,
    0.9,
    1.0,
    0.0,
    1.0,
    1.0,
    1.0,
    0.8535714285714286,
    1.0,
    1.0,
    1.0,
    0.0,
    0.975,
    1.0,
    1.0,
    1.0,
    0.25,
    1.0,
    0.925,
    0.25,
    0.675,
    1.0,
    0.725
  ],
  "val_example_scores": [
    0.5916666666666667,
    0.0,
    0.25,
    0.7191176470588235,
    0.425,
    0.975,
    0.425,
    0.975,
    0.5,
    0.975,
    1.0,
    0.25,
    0.5,
    1.0,
    0.5333333333333334,
    0.0,
    0.75,
    0.925,
    1.0,
    0.25,
    0.975,
    1.0,
    0.25,
    0.5,
    0.0,
    0.475,
    0.475,
    1.0,
    1.0,
    0.25,
    0.975,
    0.25,
    1.0,
    0.475,
    0.25,
    0.425,
    0.3,
    0.975,
    0.425,
    0.5,
    1.0,
    0.4166666666666667,
    0.25,
    1.0,
    0.475,
    0.5,
    1.0,
    0.975,
    0.975,
    0.6416666666666666,
    0.925,
    1.0,
    0.425,
    0.25,
    0.25,
    0.5,
    0.9,
    0.8083333333333333,
    0.75,
    0.475,
    0.975,
    0.0,
    0.25,
    0.31666666666666665,
    0.925,
    0.25,
    0.0,
    0.975,
    0.425,
    0.5,
    0.8333333333333334,
    0.25,
    0.975,
    0.9035714285714286,
    0.475,
    0.0,
    0.75,
    0.0,
    1.0,
    0.15,
    0.25,
    0.25,
    1.0,
    0.0,
    0.8638888888888889,
    0.0,
    0.0,
    1.0,
    1.0,
    0.425,
    0.725,
    0.925,
    0.975,
    0.0,
    0.0
  ],