{
  "rollout_count": 1094,
  "reflection_call_count": 4,
  "wall_clock_seconds": 6175.56,
  "total_tokens": 1003440,
  "task_input_tokens": 823719,
  "task_output_tokens": 172774,
  "reflection_input_tokens": 382,
  "reflection_output_tokens": 6565,
  "test_score": 0.6230458722563986,
  "val_score": 0.6604401841708343,
  "prompt_length_chars": 325,
  "prompt_length_tokens": 81,
  "test_example_scores": [
    0.5,
    0.5,
    0.9,
    0.3857142857142857,
    1.0,
    0.9,
    0.5,
    0.65,
    0.95,
    0.0,
    0.16666666666666669,
    0.8,
    0.9,
    0.925,
    0.7,
    0.975,
    0.5,
    0.95,
    0.25,
    0.0,
    0.95,
    0.4833333333333334,
    0.5,
    1.0,
    0.5,
    0.18181818181818182,
    1.0,
    0.9,
    0.5,
    0.95,
    0.0,
    0.5,
    0.5,
    1.0,
    1.0,
    0.375,
    0.5,
    1.0,
    1.0,
    0.925,
    0.5,
    0.0,
    1.0,
    0.95,
    0.3857142857142857,
    1.0,
    0.5,
    0.5,
    0.95,
    0.5,
    0.5,
    0.0,
    0.0,
    0.5,
    0.5,
    0.975,
    0.5,
    0.0,
    0.95,
    1.0,
    0.0,
    0.5,
    1.0,
    1.0,
    0.375,
    0.95,
    0.975,
    0.0,
    0.29166666666666663,
    0.4444444444444444,
    0.9,
    0.95,
    0.975,
    1.0,
    1.0,
    0.0,
    0.0,
    0.675,
    1.0,
    0.0,
    1.0,
    0.25,
    0.5,
    0.9,
    0.95,
    0.0,
    0.25,
    0.975,
    1.0,
    0.25,
    0.95,
    0.7,
    0.5,
    0.5,
    1.0
  ],
  "test_example_ids": [
    "pupa_test_0",
    "pupa_test_1",
    "pupa_test_2",
    "pupa_test_3",
    "pupa_test_4",
    "pupa_test_5",
    "pupa_test_6",
    "pupa_test_7",
    "pupa_test_8",
    "pupa_test_9",
    "pupa_test_10",
    "pupa_test_11",
    "pupa_test_12",
    "pupa_test_13",
    "pupa_test_14",
    "pupa_test_15",
    "pupa_test_16",
    "pupa_test_17",
    "pupa_test_18",
    "pupa_test_19",
    "pupa_test_20",
    "pupa_test_21",
    "pupa_test_22",
    "pupa_test_23",
    "pupa_test_24",
    "pupa_test_25",
    "pupa_test_26",
    "pupa_test_27",
    "pupa_test_28",
    "pupa_test_29",
    "pupa_test_30",
    "pupa_test_31",
    "pupa_test_32",
    "pupa_test_33",
    "pupa_test_34",
    "pupa_test_35",
    "pupa_test_36",
    "pupa_test_37",
    "pupa_test_38",
    "pupa_test_39",
    "pupa_test_40",
    "pupa_test_41",
    "pupa_test_42",
    "pupa_test_43",
    "pupa_test_44",
    "pupa_test_45",
    "pupa_test_46",
    "pupa_test_47",
    "pupa_test_48",
    "pupa_test_49",
    "pupa_test_50",
    "pupa_test_51",
    "pupa_test_52",
    "pupa_test_53",
    "pupa_test_54",
    "pupa_test_55",
    "pupa_test_56",
    "pupa_test_57",
    "pupa_test_58",
    "pupa_test_59",
    "pupa_test_60",
    "pupa_test_61",
    "pupa_test_62",
    "pupa_test_63",
    "pupa_test_64",
    "pupa_test_65",
    "pupa_test_66",
    "pupa_test_67",
    "pupa_test_68",
    "pupa_test_69",
    "pupa_test_70",
    "pupa_test_71",
    "pupa_test_72",
    "pupa_test_73",
    "pupa_test_74",
    "pupa_test_75",
    "pupa_test_76",
    "pupa_test_77",
    "pupa_test_78",
    "pupa_test_79",
    "pupa_test_80",
    "pupa_test_81",
    "pupa_test_82",
    "pupa_test_83",
    "pupa_test_84",
    "pupa_test_85",
    "pupa_test_86",
    "pupa_test_87",
    "pupa_test_88",
    "pupa_test_89",
    "pupa_test_90",
    "pupa_test_91",
    "pupa_test_92",
    "pupa_test_93",
    "pupa_test_94"
  ],
  "score_per_1k_rollouts": 0.5695,
  "convergence_iteration": 1,
  "val_score_trajectory": [
    [
      1,
      0.6604401841708343
    ]
  ],
  "rollout_trajectory": [
    [
      1,
      1094
    ]
  ],
  "best_val_trajectory": [
    [
      1,
      0.6604401841708343
    ]
  ],
  "pool_size": 64,
  "rounds": 6,
  "matchup_results": [
    {
      "round": 0,
      "match_idx": 0,
      "winner_idx": 0,
      "loser_idx": 1,
      "winner_score": 0.5900000000000001,
      "loser_score": 0.4,
      "n_examples": 5
    },
    {
      "round": 0,
      "match_idx": 1,
      "winner_idx": 2,
      "loser_idx": 3,
      "winner_score": 0.3757142857142857,
      "loser_score": 0.3057142857142857,
      "n_examples": 5
    },
    {
      "round": 0,
      "match_idx": 2,
      "winner_idx": 5,
      "loser_idx": 4,
      "winner_score": 0.5900000000000001,
      "loser_score": 0.49000000000000005,
      "n_examples": 5
    },
    {
      "round": 0,
      "match_idx": 3,
      "winner_idx": 7,
      "loser_idx": 6,
      "winner_score": 0.5,
      "loser_score": 0.1,
      "n_examples": 5
    },
    {
      "round": 0,
      "match_idx": 4,
      "winner_idx": 9,
      "loser_idx": 8,
      "winner_score": 0.7307142857142856,
      "loser_score": 0.2942857142857143,
      "n_examples": 5
    },
    {
      "round": 0,
      "match_idx": 5,
      "winner_idx": 10,
      "loser_idx": 11,
      "winner_score": 0.65,
      "loser_score": 0.11000000000000001,
      "n_examples": 5
    },
    {
      "round": 0,
      "match_idx": 6,
      "winner_idx": 12,
      "loser_idx": 13,
      "winner_score": 0.48571428571428577,
      "loser_score": 0.38071428571428567,
      "n_examples": 5
    },
    {
      "round": 0,
      "match_idx": 7,
      "winner_idx": 15,
      "loser_idx": 14,
      "winner_score": 0.39,
      "loser_score": 0.2,
      "n_examples": 5
    },
    {
      "round": 0,
      "match_idx": 8,
      "winner_idx": 17,
      "loser_idx": 16,
      "winner_score": 0.37,
      "loser_score": 0.02,
      "n_examples": 5
    },
    {
      "round": 0,
      "match_idx": 9,
      "winner_idx": 19,
      "loser_idx": 18,
      "winner_score": 0.5,
      "loser_score": 0.45,
      "n_examples": 5
    },
    {
      "round": 0,
      "match_idx": 10,
      "winner_idx": 20,
      "loser_idx": 21,
      "winner_score": 0.62,
      "loser_score": 0.45,
      "n_examples": 5
    },
    {
      "round": 0,
      "match_idx": 11,
      "winner_idx": 23,
      "loser_idx": 22,
      "winner_score": 0.5664285714285715,
      "loser_score": 0.4807142857142857,
      "n_examples": 5
    },
    {
      "round": 0,
      "match_idx": 12,
      "winner_idx": 24,
      "loser_idx": 25,
      "winner_score": 0.6157142857142858,
      "loser_score": 0.2092857142857143,
      "n_examples": 5
    },
    {
      "round": 0,
      "match_idx": 13,
      "winner_idx": 26,
      "loser_idx": 27,
      "winner_score": 0.6,
      "loser_score": 0.54,
      "n_examples": 5
    },
    {
      "round": 0,
      "match_idx": 14,
      "winner_idx": 28,
      "loser_idx": 29,
      "winner_score": 0.6900000000000001,
      "loser_score": 0.18571428571428572,
      "n_examples": 5
    },
    {
      "round": 0,
      "match_idx": 15,
      "winner_idx": 30,
      "loser_idx": 31,
      "winner_score": 0.8957142857142857,
      "loser_score": 0.5857142857142857,
      "n_examples": 5
    },
    {
      "round": 0,
      "match_idx": 16,
      "winner_idx": 33,
      "loser_idx": 32,
      "winner_score": 0.595,
      "loser_score": 0.3,
      "n_examples": 5
    },
    {
      "round": 0,
      "match_idx": 17,
      "winner_idx": 34,
      "loser_idx": 35,
      "winner_score": 0.554047619047619,
      "loser_score": 0.43809523809523815,
      "n_examples": 5
    },
    {
      "round": 0,
      "match_idx": 18,
      "winner_idx": 37,
      "loser_idx": 36,
      "winner_score": 0.35,
      "loser_score": 0.25,
      "n_examples": 5
    },
    {
      "round": 0,
      "match_idx": 19,
      "winner_idx": 39,
      "loser_idx": 38,
      "winner_score": 0.5666666666666667,
      "loser_score": 0.41,
      "n_examples": 5
    },
    {
      "round": 0,
      "match_idx": 20,
      "winner_idx": 40,
      "loser_idx": 41,
      "winner_score": 0.655,
      "loser_score": 0.44000000000000006,
      "n_examples": 5
    },
    {
      "round": 0,
      "match_idx": 21,
      "winner_idx": 43,
      "loser_idx": 42,
      "winner_score": 0.6,
      "loser_score": 0.15,
      "n_examples": 5
    },
    {
      "round": 0,
      "match_idx": 22,
      "winner_idx": 45,
      "loser_idx": 44,