{
  "test_score": 0.347550694919116,
  "val_score": 0.29514128458400907,
  "train_score": 0.33594224924012156,
  "train_example_scores": [
    0.5,
    0.0,
    0.5,
    0.5,
    0.625,
    0.0,
    0.5,
    0.0,
    0.33333333333333337,
    0.0,
    0.0,
    0.2,
    0.25,
    0.0,
    0.0,
    0.0,
    0.0,
    0.8333333333333334,
    0.5,
    1.0,
    1.0,
    0.08333333333333331,
    1.0,
    0.5,
    0.0,
    0.5,
    0.0,
    0.5,
    1.0,
    1.0,
    1.0,
    0.2142857142857143,
    0.0,
    0.0,
    0.0,
    0.0,
    0.5,
    1.0,
    0.0,
    0.0,
    0.5,
    0.0,
    0.0,
    0.5,
    0.0,
    0.5,
    0.25
  ],
  "val_example_scores": [
    0.25,
    0.0,
    0.5,
    0.20588235294117646,
    0.5,
    0.25,
    0.0,
    0.0,
    0.5,
    0.09999999999999998,
    0.5,
    0.5,
    1.0,
    0.0,
    0.33333333333333337,
    0.0,
    0.5,
    1.0,
    0.5,
    0.0,
    1.0,
    0.5,
    0.5,
    0.0,
    0.5,
    0.0,
    1.0,
    0.0,
    0.5,
    0.0,
    0.5,
    0.5,
    0.0,
    0.0,
    0.5,
    0.0,
    0.0,
    0.5,
    0.5,
    0.5,
    0.5,
    0.0,
    0.5,
    0.0,
    1.0,
    0.75,
    0.16666666666666669,
    0.6,
    0.5,
    0.8333333333333334,
    0.0,
    0.0,
    0.16666666666666669,
    0.5,
    0.0,
    0.0,
    0.5,
    0.0,
    0.5,
    0.0,
    0.25,
    0.0,
    0.0,
    0.0,
    0.5,
    0.0,
    0.0,
    0.6,
    0.0,
    0.5,
    0.0,
    0.0,
    0.5,
    0.07142857142857145,
    0.0,
    0.0,
    0.25,
    0.5,
    0.5,
    0.75,
    0.5,
    0.5,
    0.0,
    0.0,
    0.3611111111111111,
    0.5,
    0.0,
    0.0,
    0.5,
    0.0,
    0.09999999999999998,
    1.0,
    0.0,
    0.0,
    0.0
  ],
  "val_example_ids": [
    "pupa_val_0",
    "pupa_val_1",
    "pupa_val_2",
    "pupa_val_3",
    "pupa_val_4",
    "pupa_val_5",
    "pupa_val_6",
    "pupa_val_7",
    "pupa_val_8",
    "pupa_val_9",
    "pupa_val_10",
    "pupa_val_11",
    "pupa_val_12",
    "pupa_val_13",
    "pupa_val_14",
    "pupa_val_15",
    "pupa_val_16",
    "pupa_val_17",
    "pupa_val_18",
    "pupa_val_19",
    "pupa_val_20",
    "pupa_val_21",
    "pupa_val_22",
    "pupa_val_23",
    "pupa_val_24",
    "pupa_val_25",
    "pupa_val_26",
    "pupa_val_27",
    "pupa_val_28",
    "pupa_val_29",
    "pupa_val_30",
    "pupa_val_31",
    "pupa_val_32",
    "pupa_val_33",
    "pupa_val_34",
    "pupa_val_35",
    "pupa_val_36",
    "pupa_val_37",
    "pupa_val_38",
    "pupa_val_39",
    "pupa_val_40",
    "pupa_val_41",
    "pupa_val_42",
    "pupa_val_43",
    "pupa_val_44",
    "pupa_val_45",
    "pupa_val_46",
    "pupa_val_47",
    "pupa_val_48",
    "pupa_val_49",
    "pupa_val_50",
    "pupa_val_51",
    "pupa_val_52",
    "pupa_val_53",
    "pupa_val_54",
    "pupa_val_55",
    "pupa_val_56",
    "pupa_val_57",
    "pupa_val_58",
    "pupa_val_59",
    "pupa_val_60",
    "pupa_val_61",
    "pupa_val_62",
    "pupa_val_63",
    "pupa_val_64",
    "pupa_val_65",
    "pupa_val_66",
    "pupa_val_67",
    "pupa_val_68",
    "pupa_val_69",
    "pupa_val_70",
    "pupa_val_71",
    "pupa_val_72",
    "pupa_val_73",
    "pupa_val_74",
    "pupa_val_75",
    "pupa_val_76",
    "pupa_val_77",
    "pupa_val_78",
    "pupa_val_79",
    "pupa_val_80",
    "pupa_val_81",
    "pupa_val_82",
    "pupa_val_83",
    "pupa_val_84",
    "pupa_val_85",
    "pupa_val_86",
    "pupa_val_87",
    "pupa_val_88",
    "pupa_val_89",
    "pupa_val_90",
    "pupa_val_91",
    "pupa_val_92",
    "pupa_val_93",
    "pupa_val_94"
  ],
  "rollout_count": 0,
  "total_tokens": 0,
  "method": "baseline",
  "wall_clock_seconds": 82.55452227592468
}