{
  "rollout_count": 725,
  "reflection_call_count": 22,
  "wall_clock_seconds": 2759.3,
  "total_tokens": 654156,
  "task_input_tokens": 514782,
  "task_output_tokens": 132177,
  "reflection_input_tokens": 5112,
  "reflection_output_tokens": 2085,
  "test_score": 0.7921386800334168,
  "model": "openrouter/Qwen/Qwen3-8B",
  "model_tag": "qwen3-8b",
  "benchmark": "pupa",
  "seed": 789,
  "method": "slime_mold",
  "val_score": 0.92,
  "prompt_length_chars": 675,
  "prompt_length_tokens": 168,
  "test_example_scores": [
    0.25,
    0.975,
    0.925,
    0.975,
    0.25,
    1.0,
    1.0,
    0.975,
    0.0,
    0.975,
    0.31666666666666665,
    0.5,
    0.925,
    0.925,
    0.425,
    0.3,
    1.0,
    1.0,
    0.925,
    0.75,
    0.75,
    0.5,
    0.975,
    0.475,
    0.925,
    0.975,
    0.5,
    0.925,
    0.5,
    0.5916666666666667,
    0.75,
    0.925,
    0.425,
    0.0,
    1.0,
    0.5,
    0.4642857142857143,
    1.0,
    0.925,
    0.975,
    0.925,
    0.75,
    0.75,
    0.75,
    0.75,
    1.0,
    1.0,
    1.0,
    1.0,
    0.975,
    0.25,
    0.475,
    0.975,
    0.975,
    0.925,
    0.925,
    1.0,
    0.975,
    0.925,
    1.0,
    0.75,
    0.95,
    1.0,
    0.8,
    0.625,
    1.0,
    0.75,
    0.3,
    0.925,
    0.48055555555555557,
    1.0,
    0.975,
    1.0,
    0.975,
    0.975,
    0.75,
    0.75,
    0.85,
    0.675,
    0.5,
    1.0,
    0.975,
    0.75,
    0.975,
    0.925,
    0.75,
    0.925,
    0.975,
    1.0,
    0.875,
    0.75,
    0.875,
    0.975,
    0.925,
    0.75
  ],
  "test_example_ids": [
    "pupa_test_0",
    "pupa_test_1",
    "pupa_test_2",
    "pupa_test_3",
    "pupa_test_4",
    "pupa_test_5",
    "pupa_test_6",
    "pupa_test_7",
    "pupa_test_8",
    "pupa_test_9",
    "pupa_test_10",
    "pupa_test_11",
    "pupa_test_12",
    "pupa_test_13",
    "pupa_test_14",
    "pupa_test_15",
    "pupa_test_16",
    "pupa_test_17",
    "pupa_test_18",
    "pupa_test_19",
    "pupa_test_20",
    "pupa_test_21",
    "pupa_test_22",
    "pupa_test_23",
    "pupa_test_24",
    "pupa_test_25",
    "pupa_test_26",
    "pupa_test_27",
    "pupa_test_28",
    "pupa_test_29",
    "pupa_test_30",
    "pupa_test_31",
    "pupa_test_32",
    "pupa_test_33",
    "pupa_test_34",
    "pupa_test_35",
    "pupa_test_36",
    "pupa_test_37",
    "pupa_test_38",
    "pupa_test_39",
    "pupa_test_40",
    "pupa_test_41",
    "pupa_test_42",
    "pupa_test_43",
    "pupa_test_44",
    "pupa_test_45",
    "pupa_test_46",
    "pupa_test_47",
    "pupa_test_48",
    "pupa_test_49",
    "pupa_test_50",
    "pupa_test_51",
    "pupa_test_52",
    "pupa_test_53",
    "pupa_test_54",
    "pupa_test_55",
    "pupa_test_56",
    "pupa_test_57",
    "pupa_test_58",
    "pupa_test_59",
    "pupa_test_60",
    "pupa_test_61",
    "pupa_test_62",
    "pupa_test_63",
    "pupa_test_64",
    "pupa_test_65",
    "pupa_test_66",
    "pupa_test_67",
    "pupa_test_68",
    "pupa_test_69",
    "pupa_test_70",
    "pupa_test_71",
    "pupa_test_72",
    "pupa_test_73",
    "pupa_test_74",
    "pupa_test_75",
    "pupa_test_76",
    "pupa_test_77",
    "pupa_test_78",
    "pupa_test_79",
    "pupa_test_80",
    "pupa_test_81",
    "pupa_test_82",
    "pupa_test_83",
    "pupa_test_84",
    "pupa_test_85",
    "pupa_test_86",
    "pupa_test_87",
    "pupa_test_88",
    "pupa_test_89",
    "pupa_test_90",
    "pupa_test_91",
    "pupa_test_92",
    "pupa_test_93",
    "pupa_test_94"
  ],
  "score_per_1k_rollouts": 1.0926,
  "convergence_iteration": 2,
  "prompt_char_delta": 455,
  "prompt_levenshtein_ratio": 0.0112,
  "prompt_word_count": 97,
  "task_error_count": 0,
  "reflection_error_count": 0,
  "val_score_trajectory": [
    [
      0,
      0.5719215459463137
    ],
    [
      1,
      0.775
    ],
    [
      2,
      0.92
    ],
    [
      3,
      0.92
    ],
    [
      4,
      0.92
    ],
    [
      5,
      0.8280786808650586
    ]
  ],
  "rollout_trajectory": [
    [
      0,
      0
    ],
    [
      1,
      200
    ],
    [
      2,
      400
    ],
    [
      3,
      525
    ],
    [
      4,
      630
    ],
    [
      5,
      725
    ]
  ],
  "best_val_trajectory": [
    [
      0,
      0.5719215459463137
    ],
    [
      1,
      0.775
    ],
    [
      2,
      0.92
    ],
    [
      3,
      0.92
    ],
    [
      4,
      0.92
    ],
    [
      5,
      0.92
    ]
  ],
  "prompt_length_trajectory": [
    [
      0,
      220
    ],
    [
      200,
      243
    ],
    [
      400,
      423
    ],
    [
      525,
      423
    ],
    [
      630,
      423
    ],
    [
      725,
      675
    ]
  ],
  "stage_timings": [
    {
      "stage": "candidate_generation",
      "seconds": 14.5,
      "rollouts_used": 0
    },
    {
      "stage": "round_1",
      "seconds": 912.28,
      "rollouts_used": 200
    },
    {
      "stage": "round_2",
      "seconds": 445.57,
      "rollouts_used": 150
    },
    {
      "stage": "round_3",
      "seconds": 338.36,
      "rollouts_used": 100
    },
    {
      "stage": "round_4",
      "seconds": 216.4,
      "rollouts_used": 90
    },
    {
      "stage": "champion_eval",
      "seconds": 363.06,
      "rollouts_used": 95
    }
  ],
  "round_survivors": [
    20,
    10,
    5,
    3,
    1
  ],
  "round_scores": [
    {
      "round": 1,
      "candidate_rank": 0,
      "score": 0.775
    },
    {
      "round": 1,
      "candidate_rank": 1,
      "score": 0.7575000000000001
    },
    {
      "round": 1,
      "candidate_rank": 2,
      "score": 0.74
    },
    {
      "round": 1,
      "candidate_rank": 3,
      "score": 0.72
    },
    {
      "round": 1,
      "candidate_rank": 4,
      "score": 0.7091666666666667
    },
    {
      "round": 1,
      "candidate_rank": 5,
      "score": 0.7
    },
    {
      "round": 1,
      "candidate_rank": 6,
      "score": 0.6849999999999999
    },
    {
      "round": 1,
      "candidate_rank": 7,
      "score": 0.645
    },
    {
      "round": 1,
      "candidate_rank": 8,
      "score": 0.645
    },
    {
      "round": 1,
      "candidate_rank": 9,
      "score": 0.62
    },
    {
      "round": 1,
      "candidate_rank": 10,
      "score": 0.6108333333333333
    },
    {
      "round": 1,
      "candidate_rank": 11,
      "score": 0.5974999999999999
    },
    {
      "round": 1,
      "candidate_rank": 12,
      "score": 0.595
    },
    {
      "round": 1,
      "candidate_rank": 13,
      "score": 0.5891666666666666
    },
    {
      "round": 1,
      "candidate_rank": 14,
      "score": 0.58
    },
    {
      "round": 1,
      "candidate_rank": 15,
      "score": 0.5391666666666667
    },
    {
      "round": 1,
      "candidate_rank": 16,
      "score": 0.5275000000000001
    },
    {
      "round": 1,
      "candidate_rank": 17,
      "score": 0.5166666666666667
    },
    {
      "round": 1,
      "candidate_rank": 18,
      "score": 0.4083333333333333
    },
    {
      "round": 1,
      "candidate_rank": 19,
      "score": 0.35
    },
    {
      "round": 2,
      "candidate_rank": 0,
      "score": 0.92
    },
    {
      "round": 2,
      "candidate_rank": 1,
      "score": 0.9135714285714286
    },
    {
      "round": 2,
      "candidate_rank": 2,
      "score": 0.7952380952380953
    },
    {
      "round": 2,
      "candidate_rank": 3,
      "score": 0.7285714285714285
    },
    {
      "round": 2,
      "candidate_rank": 4,
      "score": 0.6483333333333333
    },
    {
      "round": 2,
      "candidate_rank": 5,
      "score": 0.6019047619047619
    },
    {
      "round": 2,
      "candidate_rank": 6,
      "score": 0.59
    },
    {
      "round": 2,
      "candidate_rank": 7,
      "score": 0.5414285714285715
    },
    {
      "round": 2,
      "candidate_rank": 8,
      "score": 0.5088095238095238
    },
    {
      "round": 2,
      "candidate_rank": 9,
      "score": 0.49047619047619045
    },
    {
      "round": 3,
      "candidate_rank": 0,