{
  "rollout_count": 415,
  "reflection_call_count": 5,
  "wall_clock_seconds": 2084.22,
  "total_tokens": 802369,
  "task_input_tokens": 700389,
  "task_output_tokens": 97111,
  "reflection_input_tokens": 2575,
  "reflection_output_tokens": 2294,
  "test_score": 0.5295807701070858,
  "model": "openrouter/Qwen/Qwen3-8B",
  "model_tag": "qwen3-8b",
  "benchmark": "pupa",
  "seed": 789,
  "method": "synaptic_pruning",
  "val_score": 0.5950123612197915,
  "prompt_length_chars": 4037,
  "prompt_length_tokens": 1009,
  "test_example_scores": [
    0.25,
    0.25,
    0.925,
    0.7821428571428571,
    0.5833333333333334,
    0.975,
    1.0,
    0.5,
    0.0,
    0.0,
    0.15,
    0.5,
    0.75,
    0.975,
    0.25,
    0.425,
    1.0,
    0.5,
    0.375,
    0.25,
    0.975,
    0.4166666666666667,
    0.975,
    0.475,
    0.25,
    0.5613636363636363,
    0.25,
    0.425,
    1.0,
    0.425,
    0.1,
    0.25,
    0.425,
    0.425,
    0.25,
    0.5,
    0.4642857142857143,
    0.475,
    0.5,
    0.925,
    0.75,
    0.1,
    0.25,
    0.0,
    0.7107142857142856,
    1.0,
    0.5,
    0.25,
    0.0,
    0.25,
    0.0,
    0.425,
    0.475,
    0.975,
    0.425,
    0.7583333333333333,
    1.0,
    1.0,
    0.75,
    0.25,
    0.25,
    0.75,
    0.75,
    0.75,
    0.25,
    1.0,
    0.75,
    0.925,
    0.7083333333333333,
    0.25,
    0.25,
    0.75,
    1.0,
    0.375,
    0.475,
    0.25,
    0.0,
    0.975,
    0.425,
    0.2,
    1.0,
    0.975,
    0.0,
    0.75,
    0.0,
    0.425,
    0.5,
    1.0,
    0.5,
    0.625,
    0.75,
    0.425,
    0.425,
    0.975,
    0.5
  ],
  "test_example_ids": [
    "pupa_test_0",
    "pupa_test_1",
    "pupa_test_2",
    "pupa_test_3",
    "pupa_test_4",
    "pupa_test_5",
    "pupa_test_6",
    "pupa_test_7",
    "pupa_test_8",
    "pupa_test_9",
    "pupa_test_10",
    "pupa_test_11",
    "pupa_test_12",
    "pupa_test_13",
    "pupa_test_14",
    "pupa_test_15",
    "pupa_test_16",
    "pupa_test_17",
    "pupa_test_18",
    "pupa_test_19",
    "pupa_test_20",
    "pupa_test_21",
    "pupa_test_22",
    "pupa_test_23",
    "pupa_test_24",
    "pupa_test_25",
    "pupa_test_26",
    "pupa_test_27",
    "pupa_test_28",
    "pupa_test_29",
    "pupa_test_30",
    "pupa_test_31",
    "pupa_test_32",
    "pupa_test_33",
    "pupa_test_34",
    "pupa_test_35",
    "pupa_test_36",
    "pupa_test_37",
    "pupa_test_38",
    "pupa_test_39",
    "pupa_test_40",
    "pupa_test_41",
    "pupa_test_42",
    "pupa_test_43",
    "pupa_test_44",
    "pupa_test_45",
    "pupa_test_46",
    "pupa_test_47",
    "pupa_test_48",
    "pupa_test_49",
    "pupa_test_50",
    "pupa_test_51",
    "pupa_test_52",
    "pupa_test_53",
    "pupa_test_54",
    "pupa_test_55",
    "pupa_test_56",
    "pupa_test_57",
    "pupa_test_58",
    "pupa_test_59",
    "pupa_test_60",
    "pupa_test_61",
    "pupa_test_62",
    "pupa_test_63",
    "pupa_test_64",
    "pupa_test_65",
    "pupa_test_66",
    "pupa_test_67",
    "pupa_test_68",
    "pupa_test_69",
    "pupa_test_70",
    "pupa_test_71",
    "pupa_test_72",
    "pupa_test_73",
    "pupa_test_74",
    "pupa_test_75",
    "pupa_test_76",
    "pupa_test_77",
    "pupa_test_78",
    "pupa_test_79",
    "pupa_test_80",
    "pupa_test_81",
    "pupa_test_82",
    "pupa_test_83",
    "pupa_test_84",
    "pupa_test_85",
    "pupa_test_86",
    "pupa_test_87",
    "pupa_test_88",
    "pupa_test_89",
    "pupa_test_90",
    "pupa_test_91",
    "pupa_test_92",
    "pupa_test_93",
    "pupa_test_94"
  ],
  "score_per_1k_rollouts": 1.2761,
  "convergence_iteration": 0,
  "prompt_char_delta": 3817,
  "prompt_levenshtein_ratio": 0.0277,
  "prompt_word_count": 571,
  "task_error_count": 0,
  "reflection_error_count": 0,
  "val_score_trajectory": [
    [
      0,
      0.5950123612197915
    ],
    [
      1,
      0.5618995098039216
    ],
    [
      2,
      0.5618995098039216
    ],
    [
      5,
      0.5618995098039216
    ],
    [
      6,
      0.5300351179608146
    ]
  ],
  "rollout_trajectory": [
    [
      0,
      0
    ],
    [
      1,
      120
    ],
    [
      2,
      320
    ],
    [
      5,
      320
    ],
    [
      6,
      415
    ]
  ],
  "best_val_trajectory": [
    [
      0,
      0.5950123612197915
    ],
    [
      1,
      0.5950123612197915
    ],
    [
      2,
      0.5950123612197915
    ],
    [
      5,
      0.5950123612197915
    ],
    [
      6,
      0.5950123612197915
    ]
  ],
  "prompt_length_trajectory": [
    [
      0,
      220
    ],
    [
      120,
      2785
    ],
    [
      320,
      2785
    ],
    [
      320,
      4037
    ],
    [
      415,
      4037
    ]
  ],
  "stage_timings": [
    {
      "stage": "initial_generation",
      "seconds": 31.71,
      "rollouts_used": 0
    },
    {
      "stage": "ablation",
      "seconds": 941.54,
      "rollouts_used": 200
    },
    {
      "stage": "pruning",
      "seconds": 0.0,
      "rollouts_used": 0
    },
    {
      "stage": "strengthening",
      "seconds": 10.6,
      "rollouts_used": 0
    },
    {
      "stage": "final_eval",
      "seconds": 391.53,
      "rollouts_used": 95
    }
  ],
  "sections_tested": 4,
  "sections_pruned": 0,
  "sections_kept": 4,
  "per_section_ablation_scores": [
    {
      "section_idx": 0,
      "score_without": 0.516311274509804,
      "score_delta": 0.0621031297134238
    },
    {
      "section_idx": 1,
      "score_without": 0.5251838235294117,
      "score_delta": 0.05323058069381603
    },
    {
      "section_idx": 2,
      "score_without": 0.5617892156862745,
      "score_delta": 0.016625188536953273
    },
    {
      "section_idx": 3,
      "score_without": 0.5470050904977375,
      "score_delta": 0.03140931372549027
    }
  ],
  "original_prompt_length": 2785,
  "final_prompt_length": 4037,
  "n_initial_prompts": 3,
  "best_initial_score": 0.5618995098039216,
  "train_score": 0.6295086119554205,
  "train_example_scores": [
    0.925,
    1.0,
    0.75,
    0.425,
    0.75,
    1.0,
    0.75,
    1.0,
    0.25,
    0.0,
    0.3,
    0.9,
    0.5,
    0.975,
    0.0,
    1.0,
    0.25,
    0.5,
    1.0,
    0.45,
    1.0,
    0.20833333333333331,
    0.75,
    0.5,
    0.75,
    0.75,
    0.75,
    0.25,
    0.475,
    1.0,
    0.5,
    0.9035714285714286,
    0.75,
    1.0,
    0.0,
    0.0,
    0.75,
    0.5,
    0.5,
    1.0,
    0.25,
    1.0,
    0.925,
    0.25,
    0.3,
    1.0,
    0.8
  ],
  "val_example_scores": [
    0.625,
    0.0,
    0.15,
    0.5941176470588235,
    0.925,
    0.825,
    0.7583333333333333,
    0.8596153846153846,
    0.5,
    0.975,
    0.5,
    0.4,
    0.475,
    0.0,
    0.5833333333333334,
    0.0,
    0.7,
    0.75,
    0.75,
    0.25,
    0.975,
    1.0,
    0.75,
    0.5,
    0.0,
    0.475,
    0.475,
    1.0,
    0.5,
    0.4807692307692308,
    0.75,
    0.25,
    0.0,
    0.475,
    0.3,
    0.25,
    0.25,
    0.975,
    0.425,
    0.15,
    0.75,
    0.25,
    0.25,
    1.0,
    0.475,
    0.5,
    0.75,
    0.55,
    0.3,
    0.4166666666666667,
    0.975,
    0.65,
    0.925,
    0.25,
    0.25,
    0.25,
    0.75,
    0.25,
    0.8,
    1.0,
    0.75,
    1.0,
    0.1,
    0.4666666666666667,
    0.925,
    0.65,
    0.75,
    0.6,
    0.425,
    0.5,
    0.925,
    0.25,
    0.4166666666666667,
    0.5142857142857142,
    0.975,
    1.0,
    0.75,
    0.0,
    0.5,
    0.375,
    0.25,
    0.925,
    0.25,
    0.0,
    0.9472222222222222,
    0.75,
    0.15,
    0.1,
    0.975,
    0.25,
    0.725,
    0.75,
    0.925,
    0.0,
    0.0
  ],