{
  "benchmark": "pupa",
  "method": "slime_mold",
  "seed": 42,
  "test_score": 0.754360902255639,
  "val_score": 0.7596985109833407,
  "best_prompt": {
    "system_prompt": "Create a fully anonymous version of the query while preserving its original intent. Replace all personal information, company names, and specific details with fictional names like \"[REDACTED]\" or generic terms, ensuring consistency, appropriateness, and complete removal of any identifiable information. Double-check the output to ensure no trace of real-world data remains."
  },
  "rollout_count": 725,
  "wall_clock_seconds": 3397.4376492500305,
  "num_candidates": 1,
  "test_example_scores": [
    0.3,
    0.8,
    0.925,
    0.925,
    0.5833333333333334,
    0.85,
    1.0,
    0.325,
    0.875,
    0.875,
    0.4666666666666667,
    0.75,
    0.975,
    0.925,
    0.925,
    0.3,
    1.0,
    0.975,
    0.75,
    0.325,
    0.925,
    0.6333333333333333,
    0.75,
    1.0,
    0.0,
    0.75,
    0.75,
    0.8,
    0.325,
    0.375,
    0.25,
    1.0,
    0.925,
    0.3,
    1.0,
    0.5,
    0.75,
    0.975,
    0.675,
    0.875,
    0.825,
    0.0,
    0.925,
    1.0,
    0.6392857142857142,
    0.75,
    0.975,
    1.0,
    1.0,
    0.825,
    0.0,
    0.8,
    0.8,
    0.925,
    0.325,
    0.7166666666666667,
    0.975,
    1.0,
    0.975,
    0.375,
    0.975,
    0.8,
    1.0,
    0.8,
    0.625,
    1.0,
    0.8,
    0.875,
    0.875,
    0.8,
    1.0,
    0.75,
    1.0,
    0.3,
    0.975,
    0.8,
    0.8,
    0.975,
    0.875,
    0.25,
    0.825,
    0.875,
    1.0,
    1.0,
    0.3,
    0.575,
    0.675,
    0.925,
    1.0,
    0.7,
    0.75,
    0.775,
    0.875,
    0.875,
    1.0
  ],
  "test_example_ids": [
    "pupa_test_0",
    "pupa_test_1",
    "pupa_test_2",
    "pupa_test_3",
    "pupa_test_4",
    "pupa_test_5",
    "pupa_test_6",
    "pupa_test_7",
    "pupa_test_8",
    "pupa_test_9",
    "pupa_test_10",
    "pupa_test_11",
    "pupa_test_12",
    "pupa_test_13",
    "pupa_test_14",
    "pupa_test_15",
    "pupa_test_16",
    "pupa_test_17",
    "pupa_test_18",
    "pupa_test_19",
    "pupa_test_20",
    "pupa_test_21",
    "pupa_test_22",
    "pupa_test_23",
    "pupa_test_24",
    "pupa_test_25",
    "pupa_test_26",
    "pupa_test_27",
    "pupa_test_28",
    "pupa_test_29",
    "pupa_test_30",
    "pupa_test_31",
    "pupa_test_32",
    "pupa_test_33",
    "pupa_test_34",
    "pupa_test_35",
    "pupa_test_36",
    "pupa_test_37",
    "pupa_test_38",
    "pupa_test_39",
    "pupa_test_40",
    "pupa_test_41",
    "pupa_test_42",
    "pupa_test_43",
    "pupa_test_44",
    "pupa_test_45",
    "pupa_test_46",
    "pupa_test_47",
    "pupa_test_48",
    "pupa_test_49",
    "pupa_test_50",
    "pupa_test_51",
    "pupa_test_52",
    "pupa_test_53",
    "pupa_test_54",
    "pupa_test_55",
    "pupa_test_56",
    "pupa_test_57",
    "pupa_test_58",
    "pupa_test_59",
    "pupa_test_60",
    "pupa_test_61",
    "pupa_test_62",
    "pupa_test_63",
    "pupa_test_64",
    "pupa_test_65",
    "pupa_test_66",
    "pupa_test_67",
    "pupa_test_68",
    "pupa_test_69",
    "pupa_test_70",
    "pupa_test_71",
    "pupa_test_72",
    "pupa_test_73",
    "pupa_test_74",
    "pupa_test_75",
    "pupa_test_76",
    "pupa_test_77",
    "pupa_test_78",
    "pupa_test_79",
    "pupa_test_80",
    "pupa_test_81",
    "pupa_test_82",
    "pupa_test_83",
    "pupa_test_84",
    "pupa_test_85",
    "pupa_test_86",
    "pupa_test_87",
    "pupa_test_88",
    "pupa_test_89",
    "pupa_test_90",
    "pupa_test_91",
    "pupa_test_92",
    "pupa_test_93",
    "pupa_test_94"
  ]
}