{
  "rollout_count": 725,
  "reflection_call_count": 22,
  "wall_clock_seconds": 3303.16,
  "total_tokens": 644044,
  "task_input_tokens": 508772,
  "task_output_tokens": 128643,
  "reflection_input_tokens": 4649,
  "reflection_output_tokens": 1980,
  "test_score": 0.7724644945697576,
  "model": "openai/Qwen/Qwen3-14B",
  "model_tag": "qwen3-14b",
  "benchmark": "pupa",
  "seed": 789,
  "method": "slime_mold",
  "val_score": 0.7682655167330089,
  "prompt_length_chars": 578,
  "prompt_length_tokens": 144,
  "test_example_scores": [
    0.3,
    0.875,
    1.0,
    0.975,
    0.325,
    1.0,
    1.0,
    1.0,
    1.0,
    0.25,
    0.3,
    0.75,
    0.925,
    1.0,
    0.5,
    0.875,
    1.0,
    0.975,
    0.625,
    0.3,
    1.0,
    0.4166666666666667,
    1.0,
    1.0,
    1.0,
    0.825,
    1.0,
    0.875,
    1.0,
    0.4916666666666667,
    1.0,
    0.5,
    0.475,
    0.3,
    1.0,
    0.5,
    0.4642857142857143,
    1.0,
    0.675,
    0.375,
    0.825,
    0.25,
    0.25,
    1.0,
    0.4642857142857143,
    0.75,
    0.975,
    0.75,
    1.0,
    0.975,
    0.0,
    0.8,
    0.4916666666666667,
    0.925,
    0.425,
    0.925,
    0.975,
    0.975,
    0.925,
    1.0,
    0.975,
    0.15,
    1.0,
    1.0,
    0.55,
    1.0,
    0.925,
    0.975,
    0.825,
    0.3055555555555556,
    0.975,
    0.925,
    1.0,
    0.875,
    0.975,
    0.5,
    1.0,
    1.0,
    0.925,
    0.8,
    1.0,
    0.75,
    1.0,
    0.975,
    0.975,
    0.5,
    0.25,
    1.0,
    1.0,
    0.7,
    0.875,
    0.325,
    0.875,
    0.925,
    1.0
  ],
  "test_example_ids": [
    "pupa_test_0",
    "pupa_test_1",
    "pupa_test_2",
    "pupa_test_3",
    "pupa_test_4",
    "pupa_test_5",
    "pupa_test_6",
    "pupa_test_7",
    "pupa_test_8",
    "pupa_test_9",
    "pupa_test_10",
    "pupa_test_11",
    "pupa_test_12",
    "pupa_test_13",
    "pupa_test_14",
    "pupa_test_15",
    "pupa_test_16",
    "pupa_test_17",
    "pupa_test_18",
    "pupa_test_19",
    "pupa_test_20",
    "pupa_test_21",
    "pupa_test_22",
    "pupa_test_23",
    "pupa_test_24",
    "pupa_test_25",
    "pupa_test_26",
    "pupa_test_27",
    "pupa_test_28",
    "pupa_test_29",
    "pupa_test_30",
    "pupa_test_31",
    "pupa_test_32",
    "pupa_test_33",
    "pupa_test_34",
    "pupa_test_35",
    "pupa_test_36",
    "pupa_test_37",
    "pupa_test_38",
    "pupa_test_39",
    "pupa_test_40",
    "pupa_test_41",
    "pupa_test_42",
    "pupa_test_43",
    "pupa_test_44",
    "pupa_test_45",
    "pupa_test_46",
    "pupa_test_47",
    "pupa_test_48",
    "pupa_test_49",
    "pupa_test_50",
    "pupa_test_51",
    "pupa_test_52",
    "pupa_test_53",
    "pupa_test_54",
    "pupa_test_55",
    "pupa_test_56",
    "pupa_test_57",
    "pupa_test_58",
    "pupa_test_59",
    "pupa_test_60",
    "pupa_test_61",
    "pupa_test_62",
    "pupa_test_63",
    "pupa_test_64",
    "pupa_test_65",
    "pupa_test_66",
    "pupa_test_67",
    "pupa_test_68",
    "pupa_test_69",
    "pupa_test_70",
    "pupa_test_71",
    "pupa_test_72",
    "pupa_test_73",
    "pupa_test_74",
    "pupa_test_75",
    "pupa_test_76",
    "pupa_test_77",
    "pupa_test_78",
    "pupa_test_79",
    "pupa_test_80",
    "pupa_test_81",
    "pupa_test_82",
    "pupa_test_83",
    "pupa_test_84",
    "pupa_test_85",
    "pupa_test_86",
    "pupa_test_87",
    "pupa_test_88",
    "pupa_test_89",
    "pupa_test_90",
    "pupa_test_91",
    "pupa_test_92",
    "pupa_test_93",
    "pupa_test_94"
  ],
  "score_per_1k_rollouts": 1.0655,
  "convergence_iteration": 4,
  "val_score_trajectory": [
    [
      4,
      0.7682655167330089
    ]
  ],
  "rollout_trajectory": [
    [
      4,
      725
    ]
  ],
  "best_val_trajectory": [
    [
      4,
      0.7682655167330089
    ]
  ],
  "round_survivors": [
    20,
    10,
    5,
    3,
    1
  ],
  "round_scores": [
    {
      "round": 1,
      "candidate_rank": 0,
      "score": 0.75
    },
    {
      "round": 1,
      "candidate_rank": 1,
      "score": 0.7350000000000001
    },
    {
      "round": 1,
      "candidate_rank": 2,
      "score": 0.7133333333333333
    },
    {
      "round": 1,
      "candidate_rank": 3,
      "score": 0.7075
    },
    {
      "round": 1,
      "candidate_rank": 4,
      "score": 0.7025
    },
    {
      "round": 1,
      "candidate_rank": 5,
      "score": 0.7
    },
    {
      "round": 1,
      "candidate_rank": 6,
      "score": 0.6799999999999999
    },
    {
      "round": 1,
      "candidate_rank": 7,
      "score": 0.6675
    },
    {
      "round": 1,
      "candidate_rank": 8,
      "score": 0.6616666666666667
    },
    {
      "round": 1,
      "candidate_rank": 9,
      "score": 0.6616666666666666
    },
    {
      "round": 1,
      "candidate_rank": 10,
      "score": 0.6566666666666666
    },
    {
      "round": 1,
      "candidate_rank": 11,
      "score": 0.6566666666666666
    },
    {
      "round": 1,
      "candidate_rank": 12,
      "score": 0.645
    },
    {
      "round": 1,
      "candidate_rank": 13,
      "score": 0.645
    },
    {
      "round": 1,
      "candidate_rank": 14,
      "score": 0.64
    },
    {
      "round": 1,
      "candidate_rank": 15,
      "score": 0.635
    },
    {
      "round": 1,
      "candidate_rank": 16,
      "score": 0.6241666666666668
    },
    {
      "round": 1,
      "candidate_rank": 17,
      "score": 0.6116666666666667
    },
    {
      "round": 1,
      "candidate_rank": 18,
      "score": 0.5941666666666666
    },
    {
      "round": 1,
      "candidate_rank": 19,
      "score": 0.5391666666666667
    },
    {
      "round": 2,
      "candidate_rank": 0,
      "score": 0.8450000000000001
    },
    {
      "round": 2,
      "candidate_rank": 1,
      "score": 0.7954761904761904
    },
    {
      "round": 2,
      "candidate_rank": 2,
      "score": 0.7911904761904762
    },
    {
      "round": 2,
      "candidate_rank": 3,
      "score": 0.7835714285714286
    },
    {
      "round": 2,
      "candidate_rank": 4,
      "score": 0.7690476190476191
    },
    {
      "round": 2,
      "candidate_rank": 5,
      "score": 0.7471428571428571
    },
    {
      "round": 2,
      "candidate_rank": 6,
      "score": 0.7176190476190476
    },
    {
      "round": 2,
      "candidate_rank": 7,
      "score": 0.7173809523809525
    },
    {
      "round": 2,
      "candidate_rank": 8,
      "score": 0.6835714285714285
    },
    {
      "round": 2,
      "candidate_rank": 9,
      "score": 0.679047619047619
    },
    {
      "round": 3,
      "candidate_rank": 0,
      "score": 0.868452380952381
    },
    {
      "round": 3,
      "candidate_rank": 1,
      "score": 0.8191666666666666
    },
    {
      "round": 3,
      "candidate_rank": 2,
      "score": 0.7774404761904762
    },
    {
      "round": 3,
      "candidate_rank": 3,
      "score": 0.7751785714285714
    },
    {
      "round": 3,
      "candidate_rank": 4,
      "score": 0.7485119047619048
    },
    {
      "round": 4,
      "candidate_rank": 0,
      "score": 0.8708333333333333
    },
    {
      "round": 4,
      "candidate_rank": 1,
      "score": 0.863452380952381
    },
    {
      "round": 4,
      "candidate_rank": 2,
      "score": 0.8211111111111111
    }
  ],
  "pruning_history": [
    {
      "round": 1,
      "n_candidates": 20,
      "n_examples": 10,
      "best_score": 0.75,
      "worst_score": 0.5391666666666667
    },
    {
      "round": 2,
      "n_candidates": 10,
      "n_examples": 15,
      "best_score": 0.8450000000000001,
      "worst_score": 0.679047619047619
    },
    {
      "round": 3,
      "n_candidates": 5,
      "n_examples": 20,
      "best_score": 0.868452380952381,
      "worst_score": 0.7485119047619048
    },
    {
      "round": 4,
      "n_candidates": 3,
      "n_examples": 30,
      "best_score": 0.8708333333333333,
      "worst_score": 0.8211111111111111
    }
  ]
}