{
  "rollout_count": 455,
  "reflection_call_count": 4,
  "wall_clock_seconds": 2489.39,
  "total_tokens": 808389,
  "task_input_tokens": 708073,
  "task_output_tokens": 96094,
  "reflection_input_tokens": 2219,
  "reflection_output_tokens": 2003,
  "test_score": 0.8027754993544468,
  "model": "",
  "model_tag": "",
  "benchmark": "",
  "seed": -1,
  "method": "",
  "val_score": 0.7880291225802062,
  "prompt_length_chars": 1283,
  "prompt_length_tokens": 320,
  "test_example_scores": [
    0.5,
    0.925,
    0.975,
    0.925,
    0.75,
    1.0,
    1.0,
    0.625,
    1.0,
    0.875,
    0.25,
    0.75,
    0.925,
    0.975,
    1.0,
    1.0,
    1.0,
    0.975,
    0.625,
    1.0,
    1.0,
    0.5833333333333334,
    0.75,
    0.5,
    1.0,
    0.7795454545454545,
    1.0,
    0.875,
    1.0,
    0.375,
    1.0,
    0.8,
    0.25,
    0.5833333333333334,
    1.0,
    1.0,
    0.75,
    0.925,
    0.925,
    0.425,
    0.75,
    0.25,
    0.75,
    1.0,
    0.9035714285714286,
    0.25,
    1.0,
    0.925,
    1.0,
    1.0,
    0.0,
    0.8,
    0.925,
    1.0,
    0.425,
    0.3333333333333333,
    0.975,
    1.0,
    0.925,
    1.0,
    1.0,
    0.975,
    1.0,
    0.9,
    0.55,
    1.0,
    1.0,
    0.925,
    0.875,
    0.3055555555555556,
    1.0,
    1.0,
    1.0,
    0.975,
    0.975,
    0.75,
    0.75,
    0.5,
    0.75,
    0.75,
    1.0,
    0.55,
    1.0,
    1.0,
    0.25,
    0.5,
    0.25,
    1.0,
    1.0,
    0.8,
    1.0,
    0.825,
    0.375,
    0.925,
    1.0
  ],
  "test_example_ids": [
    "pupa_test_0",
    "pupa_test_1",
    "pupa_test_2",
    "pupa_test_3",
    "pupa_test_4",
    "pupa_test_5",
    "pupa_test_6",
    "pupa_test_7",
    "pupa_test_8",
    "pupa_test_9",
    "pupa_test_10",
    "pupa_test_11",
    "pupa_test_12",
    "pupa_test_13",
    "pupa_test_14",
    "pupa_test_15",
    "pupa_test_16",
    "pupa_test_17",
    "pupa_test_18",
    "pupa_test_19",
    "pupa_test_20",
    "pupa_test_21",
    "pupa_test_22",
    "pupa_test_23",
    "pupa_test_24",
    "pupa_test_25",
    "pupa_test_26",
    "pupa_test_27",
    "pupa_test_28",
    "pupa_test_29",
    "pupa_test_30",
    "pupa_test_31",
    "pupa_test_32",
    "pupa_test_33",
    "pupa_test_34",
    "pupa_test_35",
    "pupa_test_36",
    "pupa_test_37",
    "pupa_test_38",
    "pupa_test_39",
    "pupa_test_40",
    "pupa_test_41",
    "pupa_test_42",
    "pupa_test_43",
    "pupa_test_44",
    "pupa_test_45",
    "pupa_test_46",
    "pupa_test_47",
    "pupa_test_48",
    "pupa_test_49",
    "pupa_test_50",
    "pupa_test_51",
    "pupa_test_52",
    "pupa_test_53",
    "pupa_test_54",
    "pupa_test_55",
    "pupa_test_56",
    "pupa_test_57",
    "pupa_test_58",
    "pupa_test_59",
    "pupa_test_60",
    "pupa_test_61",
    "pupa_test_62",
    "pupa_test_63",
    "pupa_test_64",
    "pupa_test_65",
    "pupa_test_66",
    "pupa_test_67",
    "pupa_test_68",
    "pupa_test_69",
    "pupa_test_70",
    "pupa_test_71",
    "pupa_test_72",
    "pupa_test_73",
    "pupa_test_74",
    "pupa_test_75",
    "pupa_test_76",
    "pupa_test_77",
    "pupa_test_78",
    "pupa_test_79",
    "pupa_test_80",
    "pupa_test_81",
    "pupa_test_82",
    "pupa_test_83",
    "pupa_test_84",
    "pupa_test_85",
    "pupa_test_86",
    "pupa_test_87",
    "pupa_test_88",
    "pupa_test_89",
    "pupa_test_90",
    "pupa_test_91",
    "pupa_test_92",
    "pupa_test_93",
    "pupa_test_94"
  ],
  "score_per_1k_rollouts": 1.7643,
  "convergence_iteration": 1,
  "val_score_trajectory": [
    [
      1,
      0.7880291225802062
    ]
  ],
  "rollout_trajectory": [
    [
      1,
      455
    ]
  ],
  "best_val_trajectory": [
    [
      1,
      0.7880291225802062
    ]
  ],
  "sections_tested": 4,
  "sections_pruned": 2,
  "sections_kept": 2,
  "per_section_ablation_scores": [
    {
      "section_idx": 0,
      "score_without": 0.6404166666666666,
      "score_delta": 0.13731052036199098
    },
    {
      "section_idx": 1,
      "score_without": 0.8003374811463047,
      "score_delta": -0.022610294117647034
    },
    {
      "section_idx": 2,
      "score_without": 0.7411887254901961,
      "score_delta": 0.03653846153846152
    },
    {
      "section_idx": 3,
      "score_without": 0.7874047888386124,
      "score_delta": -0.009677601809954806
    }
  ],
  "original_prompt_length": 2928,
  "final_prompt_length": 1283,
  "n_initial_prompts": 3,
  "best_initial_score": 0.7897124811463047
}