{
  "rollout_count": 725,
  "reflection_call_count": 22,
  "wall_clock_seconds": 2534.98,
  "total_tokens": 717430,
  "task_input_tokens": 557829,
  "task_output_tokens": 150529,
  "reflection_input_tokens": 7889,
  "reflection_output_tokens": 1183,
  "test_score": 0.3930754917597023,
  "model": "openrouter/Qwen/Qwen3-1.7B",
  "model_tag": "qwen3-1.7b",
  "benchmark": "pupa",
  "seed": 1024,
  "method": "slime_mold",
  "val_score": 0.575,
  "prompt_length_chars": 209,
  "prompt_length_tokens": 52,
  "test_example_scores": [
    0.5,
    0.5,
    0.5,
    0.5714285714285714,
    0.0,
    0.0,
    1.0,
    0.0,
    0.5,
    0.5,
    0.5,
    0.5,
    0.5,
    0.8333333333333334,
    0.5,
    0.5,
    0.0,
    0.5,
    0.0,
    0.5,
    0.5,
    0.8333333333333334,
    1.0,
    0.5,
    0.0,
    0.7727272727272727,
    0.0,
    0.5,
    0.0,
    0.5,
    0.0,
    0.5,
    0.5,
    0.0,
    0.0,
    0.5,
    0.5714285714285714,
    1.0,
    0.75,
    1.0,
    1.0,
    0.0,
    0.0,
    0.0,
    0.8571428571428572,
    0.5,
    0.0,
    0.5,
    0.5,
    0.0,
    0.0,
    0.5,
    1.0,
    0.5,
    0.0,
    0.0,
    0.5,
    0.0,
    0.5,
    0.0,
    0.5,
    0.5,
    0.0,
    0.0,
    0.5,
    0.5,
    0.5,
    0.0,
    0.4583333333333333,
    0.4444444444444444,
    0.5,
    0.75,
    0.5,
    0.0,
    0.5,
    0.0,
    0.5,
    0.5,
    0.5,
    0.5,
    0.5,
    0.75,
    0.0,
    0.5,
    0.0,
    0.5,
    0.5,
    0.0,
    0.0,
    0.75,
    1.0,
    0.5,
    0.0,
    0.5,
    0.0
  ],
  "test_example_ids": [
    "pupa_test_0",
    "pupa_test_1",
    "pupa_test_2",
    "pupa_test_3",
    "pupa_test_4",
    "pupa_test_5",
    "pupa_test_6",
    "pupa_test_7",
    "pupa_test_8",
    "pupa_test_9",
    "pupa_test_10",
    "pupa_test_11",
    "pupa_test_12",
    "pupa_test_13",
    "pupa_test_14",
    "pupa_test_15",
    "pupa_test_16",
    "pupa_test_17",
    "pupa_test_18",
    "pupa_test_19",
    "pupa_test_20",
    "pupa_test_21",
    "pupa_test_22",
    "pupa_test_23",
    "pupa_test_24",
    "pupa_test_25",
    "pupa_test_26",
    "pupa_test_27",
    "pupa_test_28",
    "pupa_test_29",
    "pupa_test_30",
    "pupa_test_31",
    "pupa_test_32",
    "pupa_test_33",
    "pupa_test_34",
    "pupa_test_35",
    "pupa_test_36",
    "pupa_test_37",
    "pupa_test_38",
    "pupa_test_39",
    "pupa_test_40",
    "pupa_test_41",
    "pupa_test_42",
    "pupa_test_43",
    "pupa_test_44",
    "pupa_test_45",
    "pupa_test_46",
    "pupa_test_47",
    "pupa_test_48",
    "pupa_test_49",
    "pupa_test_50",
    "pupa_test_51",
    "pupa_test_52",
    "pupa_test_53",
    "pupa_test_54",
    "pupa_test_55",
    "pupa_test_56",
    "pupa_test_57",
    "pupa_test_58",
    "pupa_test_59",
    "pupa_test_60",
    "pupa_test_61",
    "pupa_test_62",
    "pupa_test_63",
    "pupa_test_64",
    "pupa_test_65",
    "pupa_test_66",
    "pupa_test_67",
    "pupa_test_68",
    "pupa_test_69",
    "pupa_test_70",
    "pupa_test_71",
    "pupa_test_72",
    "pupa_test_73",
    "pupa_test_74",
    "pupa_test_75",
    "pupa_test_76",
    "pupa_test_77",
    "pupa_test_78",
    "pupa_test_79",
    "pupa_test_80",
    "pupa_test_81",
    "pupa_test_82",
    "pupa_test_83",
    "pupa_test_84",
    "pupa_test_85",
    "pupa_test_86",
    "pupa_test_87",
    "pupa_test_88",
    "pupa_test_89",
    "pupa_test_90",
    "pupa_test_91",
    "pupa_test_92",
    "pupa_test_93",
    "pupa_test_94"
  ],
  "score_per_1k_rollouts": 0.5422,
  "convergence_iteration": 1,
  "prompt_char_delta": -11,
  "prompt_levenshtein_ratio": 0.0326,
  "prompt_word_count": 36,
  "task_error_count": 0,
  "reflection_error_count": 0,
  "val_score_trajectory": [
    [
      0,
      0.2831357806280407
    ],
    [
      1,
      0.575
    ],
    [
      2,
      0.575
    ],
    [
      3,
      0.575
    ],
    [
      4,
      0.575
    ],
    [
      5,
      0.42843997248022014
    ]
  ],
  "rollout_trajectory": [
    [
      0,
      0
    ],
    [
      1,
      200
    ],
    [
      2,
      400
    ],
    [
      3,
      525
    ],
    [
      4,
      630
    ],
    [
      5,
      725
    ]
  ],
  "best_val_trajectory": [
    [
      0,
      0.2831357806280407
    ],
    [
      1,
      0.575
    ],
    [
      2,
      0.575
    ],
    [
      3,
      0.575
    ],
    [
      4,
      0.575
    ],
    [
      5,
      0.575
    ]
  ],
  "prompt_length_trajectory": [
    [
      0,
      220
    ],
    [
      200,
      133
    ],
    [
      400,
      133
    ],
    [
      525,
      133
    ],
    [
      630,
      133
    ],
    [
      725,
      209
    ]
  ],
  "stage_timings": [
    {
      "stage": "candidate_generation",
      "seconds": 8.04,
      "rollouts_used": 0
    },
    {
      "stage": "round_1",
      "seconds": 486.87,
      "rollouts_used": 200
    },
    {
      "stage": "round_2",
      "seconds": 375.92,
      "rollouts_used": 150
    },
    {
      "stage": "round_3",
      "seconds": 377.16,
      "rollouts_used": 100
    },
    {
      "stage": "round_4",
      "seconds": 288.01,
      "rollouts_used": 90
    },
    {
      "stage": "champion_eval",
      "seconds": 457.48,
      "rollouts_used": 95
    }
  ],
  "round_survivors": [
    20,
    10,
    5,
    3,
    1
  ],
  "round_scores": [
    {
      "round": 1,
      "candidate_rank": 0,
      "score": 0.575
    },
    {
      "round": 1,
      "candidate_rank": 1,
      "score": 0.55
    },
    {
      "round": 1,
      "candidate_rank": 2,
      "score": 0.5
    },
    {
      "round": 1,
      "candidate_rank": 3,
      "score": 0.5
    },
    {
      "round": 1,
      "candidate_rank": 4,
      "score": 0.5
    },
    {
      "round": 1,
      "candidate_rank": 5,
      "score": 0.5
    },
    {
      "round": 1,
      "candidate_rank": 6,
      "score": 0.5
    },
    {
      "round": 1,
      "candidate_rank": 7,
      "score": 0.5
    },
    {
      "round": 1,
      "candidate_rank": 8,
      "score": 0.45
    },
    {
      "round": 1,
      "candidate_rank": 9,
      "score": 0.45
    },
    {
      "round": 1,
      "candidate_rank": 10,
      "score": 0.45
    },
    {
      "round": 1,
      "candidate_rank": 11,
      "score": 0.4
    },
    {
      "round": 1,
      "candidate_rank": 12,
      "score": 0.4
    },
    {
      "round": 1,
      "candidate_rank": 13,
      "score": 0.4
    },
    {
      "round": 1,
      "candidate_rank": 14,
      "score": 0.4
    },
    {
      "round": 1,
      "candidate_rank": 15,
      "score": 0.4
    },
    {
      "round": 1,
      "candidate_rank": 16,
      "score": 0.4
    },
    {
      "round": 1,
      "candidate_rank": 17,
      "score": 0.35
    },
    {
      "round": 1,
      "candidate_rank": 18,
      "score": 0.35
    },
    {
      "round": 1,
      "candidate_rank": 19,
      "score": 0.25833333333333336
    },
    {
      "round": 2,
      "candidate_rank": 0,
      "score": 0.49079365079365084
    },
    {
      "round": 2,
      "candidate_rank": 1,
      "score": 0.42976190476190473
    },
    {
      "round": 2,
      "candidate_rank": 2,
      "score": 0.3769047619047619
    },
    {
      "round": 2,
      "candidate_rank": 3,
      "score": 0.3581746031746032
    },
    {
      "round": 2,
      "candidate_rank": 4,
      "score": 0.32261904761904764
    },
    {
      "round": 2,
      "candidate_rank": 5,
      "score": 0.3146825396825397
    },
    {
      "round": 2,
      "candidate_rank": 6,
      "score": 0.30873015873015874
    },
    {
      "round": 2,
      "candidate_rank": 7,
      "score": 0.28095238095238095
    },
    {
      "round": 2,
      "candidate_rank": 8,
      "score": 0.27650793650793654
    },
    {
      "round": 2,
      "candidate_rank": 9,
      "score": 0.24761904761904763
    },
    {
      "round": 3,
      "candidate_rank": 0,
      "score": 0.4445833333333334
    },
    {
      "round": 3,
      "candidate_rank": 1,
      "score": 0.43
    },
    {
      "round": 3,