{
  "benchmark": "pupa",
  "method": "slime_mold",
  "seed": 1024,
  "test_score": 0.3930754917597023,
  "val_score": 0.42843997248022014,
  "train_score": 0.37950861195542046,
  "best_prompt": {
    "system_prompt": "Hello [REDACTED], First of all please accept my apologies as I had a recent travel plans today as I have to board [REDACTED] today evening. I would prefer to reschedule our virtual meeting to coming [REDACTED]"
  },
  "rollout_count": 725,
  "wall_clock_seconds": 2534.981845140457,
  "num_candidates": 1,
  "all_candidates": [
    {
      "system_prompt": "Hello [REDACTED], First of all please accept my apologies as I had a recent travel plans today as I have to board [REDACTED] today evening. I would prefer to reschedule our virtual meeting to coming [REDACTED]"
    }
  ],
  "test_example_scores": [
    0.5,
    0.5,
    0.5,
    0.5714285714285714,
    0.0,
    0.0,
    1.0,
    0.0,
    0.5,
    0.5,
    0.5,
    0.5,
    0.5,
    0.8333333333333334,
    0.5,
    0.5,
    0.0,
    0.5,
    0.0,
    0.5,
    0.5,
    0.8333333333333334,
    1.0,
    0.5,
    0.0,
    0.7727272727272727,
    0.0,
    0.5,
    0.0,
    0.5,
    0.0,
    0.5,
    0.5,
    0.0,
    0.0,
    0.5,
    0.5714285714285714,
    1.0,
    0.75,
    1.0,
    1.0,
    0.0,
    0.0,
    0.0,
    0.8571428571428572,
    0.5,
    0.0,
    0.5,
    0.5,
    0.0,
    0.0,
    0.5,
    1.0,
    0.5,
    0.0,
    0.0,
    0.5,
    0.0,
    0.5,
    0.0,
    0.5,
    0.5,
    0.0,
    0.0,
    0.5,
    0.5,
    0.5,
    0.0,
    0.4583333333333333,
    0.4444444444444444,
    0.5,
    0.75,
    0.5,
    0.0,
    0.5,
    0.0,
    0.5,
    0.5,
    0.5,
    0.5,
    0.5,
    0.75,
    0.0,
    0.5,
    0.0,
    0.5,
    0.5,
    0.0,
    0.0,
    0.75,
    1.0,
    0.5,
    0.0,
    0.5,
    0.0
  ],
  "test_example_ids": [
    "pupa_test_0",
    "pupa_test_1",
    "pupa_test_2",
    "pupa_test_3",
    "pupa_test_4",
    "pupa_test_5",
    "pupa_test_6",
    "pupa_test_7",
    "pupa_test_8",
    "pupa_test_9",
    "pupa_test_10",
    "pupa_test_11",
    "pupa_test_12",
    "pupa_test_13",
    "pupa_test_14",
    "pupa_test_15",
    "pupa_test_16",
    "pupa_test_17",
    "pupa_test_18",
    "pupa_test_19",
    "pupa_test_20",
    "pupa_test_21",
    "pupa_test_22",
    "pupa_test_23",
    "pupa_test_24",
    "pupa_test_25",
    "pupa_test_26",
    "pupa_test_27",
    "pupa_test_28",
    "pupa_test_29",
    "pupa_test_30",
    "pupa_test_31",
    "pupa_test_32",
    "pupa_test_33",
    "pupa_test_34",
    "pupa_test_35",
    "pupa_test_36",
    "pupa_test_37",
    "pupa_test_38",
    "pupa_test_39",
    "pupa_test_40",
    "pupa_test_41",
    "pupa_test_42",
    "pupa_test_43",
    "pupa_test_44",
    "pupa_test_45",
    "pupa_test_46",
    "pupa_test_47",
    "pupa_test_48",
    "pupa_test_49",
    "pupa_test_50",
    "pupa_test_51",
    "pupa_test_52",
    "pupa_test_53",
    "pupa_test_54",
    "pupa_test_55",
    "pupa_test_56",
    "pupa_test_57",
    "pupa_test_58",
    "pupa_test_59",
    "pupa_test_60",
    "pupa_test_61",
    "pupa_test_62",
    "pupa_test_63",
    "pupa_test_64",
    "pupa_test_65",
    "pupa_test_66",
    "pupa_test_67",
    "pupa_test_68",
    "pupa_test_69",
    "pupa_test_70",
    "pupa_test_71",
    "pupa_test_72",
    "pupa_test_73",
    "pupa_test_74",
    "pupa_test_75",
    "pupa_test_76",
    "pupa_test_77",
    "pupa_test_78",
    "pupa_test_79",
    "pupa_test_80",
    "pupa_test_81",
    "pupa_test_82",
    "pupa_test_83",
    "pupa_test_84",
    "pupa_test_85",
    "pupa_test_86",
    "pupa_test_87",
    "pupa_test_88",
    "pupa_test_89",
    "pupa_test_90",
    "pupa_test_91",
    "pupa_test_92",
    "pupa_test_93",
    "pupa_test_94"
  ],
  "seed_prompt_test_score": 0.3480747322852586,
  "seed_prompt_val_score": 0.2831357806280407
}