{
  "rollout_count": 495,
  "reflection_call_count": 4,
  "wall_clock_seconds": 2187.89,
  "total_tokens": 899261,
  "task_input_tokens": 795121,
  "task_output_tokens": 99927,
  "reflection_input_tokens": 2215,
  "reflection_output_tokens": 1998,
  "test_score": 0.578734335839599,
  "model": "openrouter/Qwen/Qwen3-8B",
  "model_tag": "qwen3-8b",
  "benchmark": "pupa",
  "seed": 123,
  "method": "synaptic_pruning",
  "val_score": 0.5985049917402858,
  "prompt_length_chars": 2540,
  "prompt_length_tokens": 635,
  "test_example_scores": [
    0.25,
    0.475,
    0.925,
    0.8321428571428571,
    0.25,
    1.0,
    1.0,
    0.725,
    0.0,
    0.0,
    0.75,
    0.5,
    1.0,
    0.925,
    0.425,
    0.425,
    1.0,
    0.975,
    0.675,
    0.0,
    0.975,
    0.2666666666666667,
    0.925,
    0.425,
    1.0,
    0.975,
    1.0,
    0.25,
    0.0,
    0.425,
    0.25,
    0.475,
    0.475,
    0.25,
    0.75,
    0.5,
    0.4642857142857143,
    1.0,
    0.5,
    0.425,
    0.75,
    0.25,
    0.0,
    1.0,
    0.425,
    0.5,
    1.0,
    1.0,
    0.0,
    0.425,
    0.0,
    0.25,
    0.475,
    1.0,
    0.475,
    0.925,
    1.0,
    0.475,
    1.0,
    1.0,
    1.0,
    0.975,
    1.0,
    0.25,
    0.5,
    0.0,
    1.0,
    0.3,
    0.925,
    0.25,
    1.0,
    0.5,
    1.0,
    0.25,
    0.975,
    0.0,
    0.0,
    1.0,
    0.25,
    0.475,
    0.25,
    0.75,
    1.0,
    0.95,
    0.975,
    0.3,
    0.5,
    0.25,
    0.25,
    0.725,
    0.75,
    0.375,
    0.425,
    0.4166666666666667,
    0.0
  ],
  "test_example_ids": [
    "pupa_test_0",
    "pupa_test_1",
    "pupa_test_2",
    "pupa_test_3",
    "pupa_test_4",
    "pupa_test_5",
    "pupa_test_6",
    "pupa_test_7",
    "pupa_test_8",
    "pupa_test_9",
    "pupa_test_10",
    "pupa_test_11",
    "pupa_test_12",
    "pupa_test_13",
    "pupa_test_14",
    "pupa_test_15",
    "pupa_test_16",
    "pupa_test_17",
    "pupa_test_18",
    "pupa_test_19",
    "pupa_test_20",
    "pupa_test_21",
    "pupa_test_22",
    "pupa_test_23",
    "pupa_test_24",
    "pupa_test_25",
    "pupa_test_26",
    "pupa_test_27",
    "pupa_test_28",
    "pupa_test_29",
    "pupa_test_30",
    "pupa_test_31",
    "pupa_test_32",
    "pupa_test_33",
    "pupa_test_34",
    "pupa_test_35",
    "pupa_test_36",
    "pupa_test_37",
    "pupa_test_38",
    "pupa_test_39",
    "pupa_test_40",
    "pupa_test_41",
    "pupa_test_42",
    "pupa_test_43",
    "pupa_test_44",
    "pupa_test_45",
    "pupa_test_46",
    "pupa_test_47",
    "pupa_test_48",
    "pupa_test_49",
    "pupa_test_50",
    "pupa_test_51",
    "pupa_test_52",
    "pupa_test_53",
    "pupa_test_54",
    "pupa_test_55",
    "pupa_test_56",
    "pupa_test_57",
    "pupa_test_58",
    "pupa_test_59",
    "pupa_test_60",
    "pupa_test_61",
    "pupa_test_62",
    "pupa_test_63",
    "pupa_test_64",
    "pupa_test_65",
    "pupa_test_66",
    "pupa_test_67",
    "pupa_test_68",
    "pupa_test_69",
    "pupa_test_70",
    "pupa_test_71",
    "pupa_test_72",
    "pupa_test_73",
    "pupa_test_74",
    "pupa_test_75",
    "pupa_test_76",
    "pupa_test_77",
    "pupa_test_78",
    "pupa_test_79",
    "pupa_test_80",
    "pupa_test_81",
    "pupa_test_82",
    "pupa_test_83",
    "pupa_test_84",
    "pupa_test_85",
    "pupa_test_86",
    "pupa_test_87",
    "pupa_test_88",
    "pupa_test_89",
    "pupa_test_90",
    "pupa_test_91",
    "pupa_test_92",
    "pupa_test_93",
    "pupa_test_94"
  ],
  "score_per_1k_rollouts": 1.1692,
  "convergence_iteration": 0,
  "prompt_char_delta": 2320,
  "prompt_levenshtein_ratio": 0.0493,
  "prompt_word_count": 372,
  "task_error_count": 0,
  "reflection_error_count": 0,
  "val_score_trajectory": [
    [
      0,
      0.5985049917402858
    ],
    [
      1,
      0.5421653469079939
    ],
    [
      2,
      0.5421653469079939
    ],
    [
      3,
      0.5421653469079939
    ],
    [
      4,
      0.5421653469079939
    ],
    [
      5,
      0.5421653469079939
    ],
    [
      6,
      0.5707156654834674
    ]
  ],
  "rollout_trajectory": [
    [
      0,
      0
    ],
    [
      1,
      120
    ],
    [
      2,
      320
    ],
    [
      3,
      360
    ],
    [
      4,
      400
    ],
    [
      5,
      400
    ],
    [
      6,
      495
    ]
  ],
  "best_val_trajectory": [
    [
      0,
      0.5985049917402858
    ],
    [
      1,
      0.5985049917402858
    ],
    [
      2,
      0.5985049917402858
    ],
    [
      3,
      0.5985049917402858
    ],
    [
      4,
      0.5985049917402858
    ],
    [
      5,
      0.5985049917402858
    ],
    [
      6,
      0.5985049917402858
    ]
  ],
  "prompt_length_trajectory": [
    [
      0,
      220
    ],
    [
      120,
      3065
    ],
    [
      320,
      3065
    ],
    [
      360,
      837
    ],
    [
      400,
      2332
    ],
    [
      400,
      2540
    ],
    [
      495,
      2540
    ]
  ],
  "stage_timings": [
    {
      "stage": "initial_generation",
      "seconds": 36.15,
      "rollouts_used": 0
    },
    {
      "stage": "ablation",
      "seconds": 827.05,
      "rollouts_used": 200
    },
    {
      "stage": "recovery",
      "seconds": 145.53,
      "rollouts_used": 40
    },
    {
      "stage": "pruning",
      "seconds": 283.26,
      "rollouts_used": 80
    },
    {
      "stage": "strengthening",
      "seconds": 2.36,
      "rollouts_used": 0
    },
    {
      "stage": "final_eval",
      "seconds": 328.08,
      "rollouts_used": 95
    }
  ],
  "sections_tested": 4,
  "sections_pruned": 1,
  "sections_kept": 3,
  "per_section_ablation_scores": [
    {
      "section_idx": 0,
      "score_without": 0.43896964555052786,
      "score_delta": 0.09016685520362
    },
    {
      "section_idx": 1,
      "score_without": 0.5447087104072399,
      "score_delta": -0.015572209653092028
    },
    {
      "section_idx": 2,
      "score_without": 0.5655099924585218,
      "score_delta": -0.036373491704373984
    },
    {
      "section_idx": 3,
      "score_without": 0.5343467194570135,
      "score_delta": -0.005210218702865643
    }
  ],
  "original_prompt_length": 3065,
  "final_prompt_length": 2540,
  "n_initial_prompts": 3,
  "best_initial_score": 0.5421653469079939,
  "train_score": 0.655015197568389,
  "train_example_scores": [
    1.0,
    0.975,
    0.75,
    1.0,
    1.0,
    0.925,
    1.0,
    1.0,
    0.4166666666666667,
    0.0,
    0.7821428571428571,
    0.3,
    0.5,
    0.925,
    1.0,
    1.0,
    0.0,
    1.0,
    0.0,
    1.0,
    0.0,
    0.3333333333333333,
    1.0,
    0.5,
    0.925,
    1.0,
    0.25,
    0.25,
    1.0,
    0.975,
    1.0,
    0.8535714285714286,
    1.0,
    1.0,
    0.0,
    0.2,
    1.0,
    1.0,
    0.0,
    1.0,
    0.0,
    1.0,
    0.925,
    0.25,
    0.25,
    0.0,
    0.5
  ],
  "val_example_scores": [
    0.575,
    0.0,
    0.0,
    0.7485294117647059,
    0.925,
    0.975,
    0.425,
    0.975,
    0.5,
    0.975,
    1.0,
    0.0,
    0.425,
    0.0,
    0.6333333333333333,
    0.0,
    0.975,
    1.0,
    0.25,
    0.5,
    0.75,
    1.0,
    0.5833333333333334,
    0.5,
    0.25,
    0.475,
    0.975,
    0.0,
    1.0,
    0.898076923076923,
    0.75,
    0.25,
    0.0,
    0.0,
    0.25,
    0.425,
    0.425,
    0.975,
    0.975,
    0.25,
    1.0,
    0.975,
    0.15,
    1.0,
    0.45,
    0.5,
    1.0,
    1.0,
    0.5916666666666667,
    0.6416666666666666,
    0.975,
    1.0,
    0.475,
    0.25,
    0.0,
    0.5,
    0.85,
    0.25,
    0.75,
    0.425,
    0.975,
    0.0,
    0.25,
    0.5916666666666667,
    0.975,
    0.0,
    0.0,
    0.975,
    0.25,
    0.5,
    0.8333333333333334,
    0.425,
    0.8083333333333333,
    0.9035714285714286,
    0.5,
    0.0,
    0.75,
    0.0,
    1.0,
    0.475,
    0.975,
    0.25,
    0.475,
    0.0,
    0.5,
    1.0,
    0.0,
    0.0,
    1.0,
    0.625,
    0.7749999999999999,
    0.925,
    1.0,
    0.0,
    0.0
  ],