{
  "rollout_count": 255,
  "reflection_call_count": 3,
  "wall_clock_seconds": 1169.21,
  "total_tokens": 521308,
  "task_input_tokens": 453075,
  "task_output_tokens": 64251,
  "reflection_input_tokens": 2004,
  "reflection_output_tokens": 1978,
  "test_score": 0.43276372750056963,
  "model": "openrouter/Qwen/Qwen3-1.7B",
  "model_tag": "qwen3-1.7b",
  "benchmark": "pupa",
  "seed": 789,
  "method": "synaptic_pruning",
  "val_score": 0.38144607843137257,
  "prompt_length_chars": 3270,
  "prompt_length_tokens": 817,
  "test_example_scores": [
    0.5,
    0.5,
    0.5,
    0.5714285714285714,
    0.5,
    0.5,
    0.75,
    0.5,
    0.5,
    0.5,
    0.0,
    0.5,
    0.0,
    0.5,
    0.5,
    0.5,
    0.5,
    0.5,
    0.125,
    0.5,
    1.0,
    0.6666666666666667,
    1.0,
    0.0,
    0.5,
    0.13636363636363635,
    0.0,
    0.5,
    0.5,
    0.5,
    0.5,
    0.5,
    0.5,
    0.16666666666666669,
    0.5,
    0.375,
    0.5714285714285714,
    1.0,
    0.75,
    0.5,
    0.0,
    0.5,
    0.5,
    0.5,
    0.5,
    0.5,
    0.5,
    0.8333333333333334,
    0.5,
    0.0,
    0.5,
    0.5,
    0.5,
    0.5,
    0.0,
    0.6666666666666667,
    0.5,
    0.0,
    0.5,
    0.5,
    0.0,
    0.5,
    0.5,
    0.5,
    0.75,
    0.0,
    0.5,
    0.5,
    0.25,
    0.0,
    0.5,
    0.5,
    0.5,
    0.5,
    0.0,
    0.5,
    0.0,
    0.5,
    0.5,
    0.5,
    0.5,
    0.125,
    0.5,
    0.5,
    0.0,
    0.5,
    0.5,
    0.0,
    0.5,
    0.875,
    0.5,
    0.5,
    0.5,
    0.5,
    0.0
  ],
  "test_example_ids": [
    "pupa_test_0",
    "pupa_test_1",
    "pupa_test_2",
    "pupa_test_3",
    "pupa_test_4",
    "pupa_test_5",
    "pupa_test_6",
    "pupa_test_7",
    "pupa_test_8",
    "pupa_test_9",
    "pupa_test_10",
    "pupa_test_11",
    "pupa_test_12",
    "pupa_test_13",
    "pupa_test_14",
    "pupa_test_15",
    "pupa_test_16",
    "pupa_test_17",
    "pupa_test_18",
    "pupa_test_19",
    "pupa_test_20",
    "pupa_test_21",
    "pupa_test_22",
    "pupa_test_23",
    "pupa_test_24",
    "pupa_test_25",
    "pupa_test_26",
    "pupa_test_27",
    "pupa_test_28",
    "pupa_test_29",
    "pupa_test_30",
    "pupa_test_31",
    "pupa_test_32",
    "pupa_test_33",
    "pupa_test_34",
    "pupa_test_35",
    "pupa_test_36",
    "pupa_test_37",
    "pupa_test_38",
    "pupa_test_39",
    "pupa_test_40",
    "pupa_test_41",
    "pupa_test_42",
    "pupa_test_43",
    "pupa_test_44",
    "pupa_test_45",
    "pupa_test_46",
    "pupa_test_47",
    "pupa_test_48",
    "pupa_test_49",
    "pupa_test_50",
    "pupa_test_51",
    "pupa_test_52",
    "pupa_test_53",
    "pupa_test_54",
    "pupa_test_55",
    "pupa_test_56",
    "pupa_test_57",
    "pupa_test_58",
    "pupa_test_59",
    "pupa_test_60",
    "pupa_test_61",
    "pupa_test_62",
    "pupa_test_63",
    "pupa_test_64",
    "pupa_test_65",
    "pupa_test_66",
    "pupa_test_67",
    "pupa_test_68",
    "pupa_test_69",
    "pupa_test_70",
    "pupa_test_71",
    "pupa_test_72",
    "pupa_test_73",
    "pupa_test_74",
    "pupa_test_75",
    "pupa_test_76",
    "pupa_test_77",
    "pupa_test_78",
    "pupa_test_79",
    "pupa_test_80",
    "pupa_test_81",
    "pupa_test_82",
    "pupa_test_83",
    "pupa_test_84",
    "pupa_test_85",
    "pupa_test_86",
    "pupa_test_87",
    "pupa_test_88",
    "pupa_test_89",
    "pupa_test_90",
    "pupa_test_91",
    "pupa_test_92",
    "pupa_test_93",
    "pupa_test_94"
  ],
  "score_per_1k_rollouts": 1.6971,
  "convergence_iteration": 1,
  "prompt_char_delta": 3050,
  "prompt_levenshtein_ratio": 0.0848,
  "prompt_word_count": 473,
  "task_error_count": 0,
  "reflection_error_count": 0,
  "val_score_trajectory": [
    [
      0,
      0.2966032728881026
    ],
    [
      1,
      0.38144607843137257
    ],
    [
      2,
      0.38144607843137257
    ],
    [
      5,
      0.38144607843137257
    ],
    [
      6,
      0.3742763772175537
    ]
  ],
  "rollout_trajectory": [
    [
      0,
      0
    ],
    [
      1,
      120
    ],
    [
      2,
      160
    ],
    [
      5,
      160
    ],
    [
      6,
      255
    ]
  ],
  "best_val_trajectory": [
    [
      0,
      0.2966032728881026
    ],
    [
      1,
      0.38144607843137257
    ],
    [
      2,
      0.38144607843137257
    ],
    [
      5,
      0.38144607843137257
    ],
    [
      6,
      0.38144607843137257
    ]
  ],
  "prompt_length_trajectory": [
    [
      0,
      220
    ],
    [
      120,
      3270
    ],
    [
      160,
      3270
    ],
    [
      160,
      3270
    ],
    [
      255,
      3270
    ]
  ],
  "stage_timings": [
    {
      "stage": "initial_generation",
      "seconds": 28.45,
      "rollouts_used": 0
    },
    {
      "stage": "ablation",
      "seconds": 161.73,
      "rollouts_used": 40
    },
    {
      "stage": "pruning",
      "seconds": 0.0,
      "rollouts_used": 0
    },
    {
      "stage": "strengthening",
      "seconds": 0.0,
      "rollouts_used": 0
    },
    {
      "stage": "final_eval",
      "seconds": 373.09,
      "rollouts_used": 95
    }
  ],
  "sections_tested": 5,
  "sections_pruned": 0,
  "sections_kept": 5,
  "per_section_ablation_scores": [
    {
      "section_idx": 0,
      "score_without": null,
      "score_delta": null,
      "skipped": "baseline_below_floor"
    },
    {
      "section_idx": 1,
      "score_without": null,
      "score_delta": null,
      "skipped": "baseline_below_floor"
    },
    {
      "section_idx": 2,
      "score_without": null,
      "score_delta": null,
      "skipped": "baseline_below_floor"
    },
    {
      "section_idx": 3,
      "score_without": null,
      "score_delta": null,
      "skipped": "baseline_below_floor"
    },
    {
      "section_idx": 4,
      "score_without": null,
      "score_delta": null,
      "skipped": "baseline_below_floor"
    }
  ],
  "original_prompt_length": 3270,
  "final_prompt_length": 3270,
  "n_initial_prompts": 3,
  "best_initial_score": 0.38144607843137257,
  "train_score": 0.42122593718338397,
  "train_example_scores": [
    1.0,
    0.375,
    0.5,
    0.5,
    0.5,
    1.0,
    0.0,
    0.5,
    0.0,
    0.0,
    0.5,
    0.5,
    0.75,
    0.0,
    0.0,
    0.0,
    0.0,
    0.5,
    0.5,
    0.5,
    0.5,
    0.08333333333333331,
    0.5,
    0.5,
    0.625,
    0.5,
    0.5,
    0.5,
    0.5,
    0.5,
    0.5,
    0.2142857142857143,
    0.5,
    0.5,
    0.5,
    0.5,
    0.5,
    1.0,
    0.0,
    0.0,
    0.5,
    0.5,
    0.5,
    0.5,
    0.0,
    0.5,
    0.75
  ],
  "val_example_scores": [
    0.33333333333333337,
    0.0,
    0.5,
    0.19117647058823528,
    0.5,
    0.3,
    0.0,
    0.5,
    0.5,
    0.09999999999999998,
    0.0,
    0.5,
    0.5,
    0.5,
    0.0,
    0.5,
    0.0,
    0.5,
    0.0,
    0.0,
    1.0,
    1.0,
    0.5,
    0.5,
    0.5,
    0.5,
    1.0,
    0.0,
    0.5,
    0.5,
    1.0,
    0.0,
    0.0,
    0.0,
    0.5,
    0.0,
    0.5,
    0.5,
    0.5,
    0.5,
    0.5,
    0.0,
    0.5,
    1.0,
    0.5,
    0.75,
    0.0,
    0.09999999999999998,
    0.0,
    0.8333333333333334,
    0.5,
    0.5,
    0.0,
    0.5,
    0.5,
    0.5,
    0.5,
    0.0,
    0.5,
    0.5,
    0.0,
    0.5,
    0.5,
    0.5,
    0.16666666666666669,
    0.0,
    0.0,
    0.09999999999999998,
    0.0,
    0.0,
    0.0,
    0.5,
    0.5,
    0.14285714285714285,
    0.0,
    0.5,
    0.75,
    1.0,
    0.5,
    0.5,
    0.0,
    0.5,
    0.5,
    0.5,
    0.3888888888888889,
    0.5,
    0.5,
    0.5,
    0.5,
    0.5,
    0.09999999999999998,
    1.0,
    0.0,
    0.0,
    0.5
  ],